Cur SME File Path,Wafer ID,Lot ID,Tool SN,PAD Name,Die Seq,FIELD X,FIELD Y,MSE,GOF,NGOF,LBH,regIter,BC_Recess,BC_X_CD,BC_Y_CD,M13_EMARatio_m2,TCDmin,TCDmaj,AA_Depth,BotHT_off,MCD1min_off,MCD2min_off,OX_Liner,AACut_MCD,Fin_HT,CutDeponFin,ASi_HT,TopSIN,TopPoly,TopOX,BLC_MCD,BLC_Eli,BLC_TCDoff,BLC_BCDoff,BLC_Depth,PEB
C:/work/JHICC/20260202/2.   Spectra/FM_Spectra/1118/CELL/AHT0074.00-11_AHT0074.00_A03-090_CELL_Die1_C-5_R1_20251118134219318.sme,AHT0074.00-11,AHT0074.00,A03-090,CELL,1,-5,1,8.471,1,0.9939,0,10,330.4707,42.343,51.691,0.35,28.527,147,252.793,37.8,0.88,1.98,1.932,12.812,40,136.5,22.389,6.5,28.46,38.258,76.587,1.14,3.1,8,38.296,58.34
C:/work/JHICC/20260202/2.   Spectra/FM_Spectra/1118/CELL/AHT0074.00-11_AHT0074.00_A03-090_CELL_Die2_C-5_R0_20251118134221418.sme,AHT0074.00-11,AHT0074.00,A03-090,CELL,2,-5,0,9.459,1,0.9937,0,10,342.377,42.5452,51.9215,0.35,27.446,147,253.487,37.8,0.88,1.98,2.124,13.191,40,136.5,25.246,6.5,28.045,38.51,76.385,1.14,3.1,8,38.249,57.58
C:/work/JHICC/20260202/2.   Spectra/FM_Spectra/1118/CELL/AHT0074.00-11_AHT0074.00_A03-090_CELL_Die3_C-5_R-1_20251118134223868.sme,AHT0074.00-11,AHT0074.00,A03-090,CELL,3,-5,-1,8.548,1,0.9939,0,8,327.5042,42.3879,51.7422,0.35,27.635,147,253.876,37.8,0.88,1.98,2.017,13.074,40,136.5,25.825,6.5,29.273,38.217,76.542,1.14,3.1,8,38.259,56.455
C:/work/JHICC/20260202/2.   Spectra/FM_Spectra/1118/CELL/AHT0074.00-11_AHT0074.00_A03-090_CELL_Die4_C-4_R-3_20251118134225968.sme,AHT0074.00-11,AHT0074.00,A03-090,CELL,4,-4,-3,9.095,1,0.9938,0,12,321.3819,42.4932,51.8622,0.35,27.251,147,255.153,37.8,0.88,1.98,1.954,12.683,40,136.5,25.071,6.5,28.589,38.44,76.437,1.14,3.1,8,37.392,57.561
C:/work/JHICC/20260202/2.   Spectra/FM_Spectra/1118/CELL/AHT0074.00-11_AHT0074.00_A03-090_CELL_Die5_C-4_R-2_20251118134228068.sme,AHT0074.00-11,AHT0074.00,A03-090,CELL,5,-4,-2,8.475,1,0.9939,0,18,370.201,42.4028,51.7592,0.35,26.789,147,254.594,37.8,0.88,1.98,2.391,13.818,40,136.5,28.123,6.5,28.716,38.604,76.527,1.14,3.1,8,40.482,59.407
C:/work/JHICC/20260202/2.   Spectra/FM_Spectra/1118/CELL/AHT0074.00-11_AHT0074.00_A03-090_CELL_Die6_C-4_R-1_20251118134230168.sme,AHT0074.00-11,AHT0074.00,A03-090,CELL,6,-4,-1,8.598,1,0.9939,0,14,384.3752,42.471,51.8369,0.35,27.516,147,253.115,37.8,0.88,1.98,2.577,13.493,40,136.5,25.552,6.5,28.301,38.676,76.459,1.14,3.1,8,41.158,57.946
C:/work/JHICC/20260202/2.   Spectra/FM_Spectra/1118/CELL/AHT0074.00-11_AHT0074.00_A03-090_CELL_Die7_C-4_R0_20251118134232268.sme,AHT0074.00-11,AHT0074.00,A03-090,CELL,7,-4,0,8.846,1,0.9939,0,11,385.9447,42.5189,51.8916,0.35,27.586,147,252.816,37.8,0.88,1.98,2.637,13.154,40,136.5,24.388,6.5,27.886,38.724,76.411,1.14,3.1,8,41.017,57.613
C:/work/JHICC/20260202/2.   Spectra/FM_Spectra/1118/CELL/AHT0074.00-11_AHT0074.00_A03-090_CELL_Die8_C-4_R1_20251118134234368.sme,AHT0074.00-11,AHT0074.00,A03-090,CELL,8,-4,1,8.318,1,0.9939,0,9,377.6644,42.4378,51.7991,0.35,27.482,147,253.142,37.8,0.88,1.98,2.561,13.275,40,136.5,24.703,6.5,28.239,38.567,76.492,1.14,3.1,8,40.512,57.189
C:/work/JHICC/20260202/2.   Spectra/FM_Spectra/1118/CELL/AHT0074.00-11_AHT0074.00_A03-090_CELL_Die9_C-4_R2_20251118134236468.sme,AHT0074.00-11,AHT0074.00,A03-090,CELL,9,-4,2,7.869,1,0.994,0,8,373.6451,42.386,51.7401,0.35,27.392,147,252.925,37.8,0.88,1.98,2.467,13.608,40,136.5,25.924,6.5,28.722,38.396,76.544,1.14,3.1,8,40.597,57.141
C:/work/JHICC/20260202/2.   Spectra/FM_Spectra/1118/CELL/AHT0074.00-11_AHT0074.00_A03-090_CELL_Die10_C-3_R3_20251118134238568.sme,AHT0074.00-11,AHT0074.00,A03-090,CELL,10,-3,3,7.667,1,0.994,0,14,383.8501,42.4649,51.83,0.35,27.723,147,250.846,37.8,0.88,1.98,2.364,13.819,40,136.5,24.931,6.5,28.024,38.72,76.465,1.14,3.1,8,40.47,57.82
C:/work/JHICC/20260202/2.   Spectra/FM_Spectra/1118/CELL/AHT0074.00-11_AHT0074.00_A03-090_CELL_Die11_C-3_R2_20251118134240667.sme,AHT0074.00-11,AHT0074.00,A03-090,CELL,11,-3,2,7.857,1,0.994,0,6,382.354,42.4611,51.8256,0.35,27.528,147,251.775,37.8,0.88,1.98,2.538,13.411,40,136.5,24.07,6.5,27.906,38.692,76.469,1.14,3.1,8,40.05,57.225
C:/work/JHICC/20260202/2.   Spectra/FM_Spectra/1118/CELL/AHT0074.00-11_AHT0074.00_A03-090_CELL_Die12_C-3_R1_20251118134242768.sme,AHT0074.00-11,AHT0074.00,A03-090,CELL,12,-3,1,8.392,1,0.9939,0,9,370.2144,42.4665,51.8318,0.35,28.035,147,250.779,37.8,0.88,1.98,2.392,13.092,40,136.5,22.082,6.5,27.436,38.793,76.463,1.14,3.1,8,39.041,58.259
C:/work/JHICC/20260202/2.   Spectra/FM_Spectra/1118/CELL/AHT0074.00-11_AHT0074.00_A03-090_CELL_Die13_C-3_R0_20251118134244867.sme,AHT0074.00-11,AHT0074.00,A03-090,CELL,13,-3,0,8.674,1,0.9939,0,14,413.1508,42.5372,51.9124,0.35,27.995,147,251.716,37.8,0.88,1.98,3.041,13.683,40,136.5,22.217,6.5,27.638,38.937,76.393,1.14,3.1,8,43.49,59.512
C:/work/JHICC/20260202/2.   Spectra/FM_Spectra/1118/CELL/AHT0074.00-11_AHT0074.00_A03-090_CELL_Die14_C-3_R-1_20251118134246967.sme,AHT0074.00-11,AHT0074.00,A03-090,CELL,14,-3,-1,8.371,1,0.9939,0,11,369.019,42.466,51.8312,0.35,27.868,147,251.246,37.8,0.88,1.98,2.442,13.199,40,136.5,22.935,6.5,27.559,38.684,76.464,1.14,3.1,8,39.13,57.548
C:/work/JHICC/20260202/2.   Spectra/FM_Spectra/1118/CELL/AHT0074.00-11_AHT0074.00_A03-090_CELL_Die15_C-3_R-2_20251118134249067.sme,AHT0074.00-11,AHT0074.00,A03-090,CELL,15,-3,-2,8.575,1,0.9939,0,12,403.0782,42.5291,51.9032,0.35,27.442,147,252.82,37.8,0.88,1.98,2.705,13.513,40,136.5,25.177,6.5,27.877,38.874,76.401,1.14,3.1,8,42.009,58.555
C:/work/JHICC/20260202/2.   Spectra/FM_Spectra/1118/CELL/AHT0074.00-11_AHT0074.00_A03-090_CELL_Die16_C-3_R-3_20251118134251167.sme,AHT0074.00-11,AHT0074.00,A03-090,CELL,16,-3,-3,9.081,1,0.9938,0,14,368.6113,42.4881,51.8564,0.35,26.379,147,255.502,37.8,0.88,1.98,2.306,13.825,40,136.5,28.87,6.5,27.97,38.813,76.442,1.14,3.1,8,39.716,60.89
C:/work/JHICC/20260202/2.   Spectra/FM_Spectra/1118/CELL/AHT0074.00-11_AHT0074.00_A03-090_CELL_Die17_C-2_R-4_20251118134253267.sme,AHT0074.00-11,AHT0074.00,A03-090,CELL,17,-2,-4,8.746,1,0.9939,0,9,323.5557,42.3502,51.6993,0.35,26.597,147,256.832,37.8,0.88,1.98,2.061,12.763,40,136.5,27.217,6.5,29.125,38.534,76.58,1.14,3.1,8,38.001,59.101
C:/work/JHICC/20260202/2.   Spectra/FM_Spectra/1118/CELL/AHT0074.00-11_AHT0074.00_A03-090_CELL_Die18_C-2_R-3_20251118134255367.sme,AHT0074.00-11,AHT0074.00,A03-090,CELL,18,-2,-3,8.684,1,0.9939,0,15,388.9089,42.4467,51.8093,0.35,26.669,147,254.986,37.8,0.88,1.98,2.595,13.556,40,136.5,27.197,6.5,28.023,38.829,76.483,1.14,3.1,8,41.026,60.111
C:/work/JHICC/20260202/2.   Spectra/FM_Spectra/1118/CELL/AHT0074.00-11_AHT0074.00_A03-090_CELL_Die19_C-2_R-2_20251118134257467.sme,AHT0074.00-11,AHT0074.00,A03-090,CELL,19,-2,-2,8.698,1,0.9939,0,10,396.1172,42.5401,51.9157,0.35,27.486,147,252.585,37.8,0.88,1.98,2.722,13.167,40,136.5,24.038,6.5,27.635,38.811,76.39,1.14,3.1,8,41.369,57.86
C:/work/JHICC/20260202/2.   Spectra/FM_Spectra/1118/CELL/AHT0074.00-11_AHT0074.00_A03-090_CELL_Die20_C-2_R-1_20251118134259568.sme,AHT0074.00-11,AHT0074.00,A03-090,CELL,20,-2,-1,8.675,1,0.9939,0,12,362.4454,42.4122,51.7699,0.35,28.057,147,250.415,37.8,0.88,1.98,2.326,12.596,40,136.5,21.802,6.5,27.254,38.178,76.518,1.14,3.1,8,39.362,58.819
C:/work/JHICC/20260202/2.   Spectra/FM_Spectra/1118/CELL/AHT0074.00-11_AHT0074.00_A03-090_CELL_Die21_C-2_R0_20251118134301667.sme,AHT0074.00-11,AHT0074.00,A03-090,CELL,21,-2,0,8.41,1,0.9939,0,12,413.2508,42.5612,51.9397,0.35,27.896,147,251.054,37.8,0.88,1.98,3.024,13.621,40,136.5,21.894,6.5,27.542,38.787,76.369,1.14,3.1,8,43.437,59.611
C:/work/JHICC/20260202/2.   Spectra/FM_Spectra/1118/CELL/AHT0074.00-11_AHT0074.00_A03-090_CELL_Die22_C-2_R1_20251118134303767.sme,AHT0074.00-11,AHT0074.00,A03-090,CELL,22,-2,1,8.331,1,0.9939,0,8,369.4114,42.482,51.8495,0.35,28.022,147,249.823,37.8,0.88,1.98,2.367,13.175,40,136.5,21.88,6.5,27.223,38.672,76.448,1.14,3.1,8,38.82,58.363
C:/work/JHICC/20260202/2.   Spectra/FM_Spectra/1118/CELL/AHT0074.00-11_AHT0074.00_A03-090_CELL_Die23_C-2_R2_20251118134305867.sme,AHT0074.00-11,AHT0074.00,A03-090,CELL,23,-2,2,7.659,1,0.9941,0,9,362.6425,42.4632,51.8281,0.35,27.624,147,249.596,37.8,0.88,1.98,2.376,13.508,40,136.5,23.47,6.5,27.986,38.698,76.467,1.14,3.1,8,38.907,55.885
C:/work/JHICC/20260202/2.   Spectra/FM_Spectra/1118/CELL/AHT0074.00-11_AHT0074.00_A03-090_CELL_Die24_C-2_R3_20251118134307967.sme,AHT0074.00-11,AHT0074.00,A03-090,CELL,24,-2,3,7.358,1,0.9941,0,14,387.7535,42.4281,51.7881,0.35,27.948,147,249.846,37.8,0.88,1.98,2.362,13.949,40,136.5,24.417,6.5,28.051,38.766,76.502,1.14,3.1,8,40.351,57.916
C:/work/JHICC/20260202/2.   Spectra/FM_Spectra/1118/CELL/AHT0074.00-11_AHT0074.00_A03-090_CELL_Die25_C-2_R4_20251118134310067.sme,AHT0074.00-11,AHT0074.00,A03-090,CELL,25,-2,4,7.597,1,0.9941,0,11,332.2666,42.3948,51.75,0.35,28.284,147,249.978,37.8,0.88,1.98,2.024,13.272,40,136.5,23.65,6.5,29.247,38.139,76.535,1.14,3.1,8,38.262,51.914
C:/work/JHICC/20260202/2.   Spectra/FM_Spectra/1118/CELL/AHT0074.00-11_AHT0074.00_A03-090_CELL_Die26_C-1_R4_20251118134312167.sme,AHT0074.00-11,AHT0074.00,A03-090,CELL,26,-1,4,7.429,1,0.9941,0,16,361.1235,42.3774,51.7302,0.35,27.788,147,249.91,37.8,0.88,1.98,2.236,13.895,40,136.5,25.632,6.5,29.148,38.411,76.552,1.14,3.1,8,39.98,55.625
C:/work/JHICC/20260202/2.   Spectra/FM_Spectra/1118/CELL/AHT0074.00-11_AHT0074.00_A03-090_CELL_Die27_C-1_R3_20251118134314267.sme,AHT0074.00-11,AHT0074.00,A03-090,CELL,27,-1,3,7.43,1,0.9941,0,11,399.4198,42.4528,51.8161,0.35,27.625,147,250.677,37.8,0.88,1.98,2.596,13.524,40,136.5,24.764,6.5,28.055,38.764,76.477,1.14,3.1,8,41.29,57.715
C:/work/JHICC/20260202/2.   Spectra/FM_Spectra/1118/CELL/AHT0074.00-11_AHT0074.00_A03-090_CELL_Die28_C-1_R2_20251118134316366.sme,AHT0074.00-11,AHT0074.00,A03-090,CELL,28,-1,2,7.815,1,0.994,0,11,375.272,42.4816,51.849,0.35,27.513,147,249.639,37.8,0.88,1.98,2.45,13.468,40,136.5,23.537,6.5,27.726,38.711,76.448,1.14,3.1,8,39.294,57.204
C:/work/JHICC/20260202/2.   Spectra/FM_Spectra/1118/CELL/AHT0074.00-11_AHT0074.00_A03-090_CELL_Die29_C-1_R1_20251118134318466.sme,AHT0074.00-11,AHT0074.00,A03-090,CELL,29,-1,1,8.4,1,0.9939,0,10,379.2288,42.5008,51.871,0.35,27.556,147,251.225,37.8,0.88,1.98,2.695,13.039,40,136.5,23.347,6.5,27.546,38.367,76.429,1.14,3.1,8,40.12,57.513
C:/work/JHICC/20260202/2.   Spectra/FM_Spectra/1118/CELL/AHT0074.00-11_AHT0074.00_A03-090_CELL_Die30_C-1_R0_20251118134320916.sme,AHT0074.00-11,AHT0074.00,A03-090,CELL,30,-1,0,8.951,1,0.9938,0,8,355.5333,42.3824,51.736,0.35,27.717,147,250.963,37.8,0.88,1.98,2.322,12.349,40,136.5,22.546,6.5,27.423,37.875,76.547,1.14,3.1,8,39.273,58.145
C:/work/JHICC/20260202/2.   Spectra/FM_Spectra/1118/CELL/AHT0074.00-11_AHT0074.00_A03-090_CELL_Die31_C-1_R-1_20251118134323017.sme,AHT0074.00-11,AHT0074.00,A03-090,CELL,31,-1,-1,8.753,1,0.9939,0,11,377.0059,42.4881,51.8564,0.35,27.102,147,253.335,37.8,0.88,1.98,2.733,12.468,40,136.5,23.2,6.5,27.56,38.336,76.442,1.14,3.1,8,40.104,57.69
C:/work/JHICC/20260202/2.   Spectra/FM_Spectra/1118/CELL/AHT0074.00-11_AHT0074.00_A03-090_CELL_Die32_C-1_R-2_20251118134325117.sme,AHT0074.00-11,AHT0074.00,A03-090,CELL,32,-1,-2,8.463,1,0.9939,0,12,388.5665,42.5296,51.9037,0.35,27.403,147,252.019,37.8,0.88,1.98,2.698,12.982,40,136.5,23.448,6.5,27.598,38.708,76.4,1.14,3.1,8,40.791,57.697
C:/work/JHICC/20260202/2.   Spectra/FM_Spectra/1118/CELL/AHT0074.00-11_AHT0074.00_A03-090_CELL_Die33_C-1_R-3_20251118134327216.sme,AHT0074.00-11,AHT0074.00,A03-090,CELL,33,-1,-3,8.654,1,0.9939,0,10,409.855,42.5142,51.8862,0.35,27.311,147,253.491,37.8,0.88,1.98,2.782,13.267,40,136.5,25.341,6.5,28.015,38.97,76.416,1.14,3.1,8,42.785,58.815
C:/work/JHICC/20260202/2.     Spectra/FM_Spectra/1118/CELL/AHT0074.00-11_AHT0074.00_A03-090_CELL_Die34_C-1_R-4_20251118134329316.sme,AHT0074.00-11,AHT0074.00,A03-090,CELL,34,-1,-4,8.435,1,0.9939,0,16,349.1764,42.3454,51.6938,0.35,26.579,147,255.179,37.8,0.88,1.98,2.23,13.478,40,136.5,28.409,6.5,29.121,38.571,76.584,1.14,3.1,8,39.407,59.464
C:/work/JHICC/20260202/2.   Spectra/FM_Spectra/1118/CELL/AHT0074.00-11_AHT0074.00_A03-090_CELL_Die35_C0_R-4_20251118134331416.sme,AHT0074.00-11,AHT0074.00,A03-090,CELL,35,0,-4,8.988,1,0.9938,0,13,365.028,42.5233,51.8966,0.35,27.108,147,252.768,37.8,0.88,1.98,2.271,13.663,40,136.5,26.641,6.5,28.11,38.912,76.407,1.14,3.1,8,39.488,58.96
C:/work/JHICC/20260202/2.   Spectra/FM_Spectra/1118/CELL/AHT0074.00-11_AHT0074.00_A03-090_CELL_Die36_C0_R-3_20251118134333516.sme,AHT0074.00-11,AHT0074.00,A03-090,CELL,36,0,-3,8.024,1,0.994,0,13,392.9799,42.482,51.8495,0.35,27.507,147,251.983,37.8,0.88,1.98,2.634,13.266,40,136.5,24.438,6.5,28.062,38.949,76.448,1.14,3.1,8,41.237,57.482
C:/work/JHICC/20260202/2.   Spectra/FM_Spectra/1118/CELL/AHT0074.00-11_AHT0074.00_A03-090_CELL_Die37_C0_R-2_20251118134335616.sme,AHT0074.00-11,AHT0074.00,A03-090,CELL,37,0,-2,8.304,1,0.9939,0,36,377.2939,42.5313,51.9057,0.35,27.455,147,251.047,37.8,0.88,1.98,2.501,13.087,40,136.5,22.912,6.5,27.382,38.804,76.399,1.14,3.1,8,39.632,57.607
C:/work/JHICC/20260202/2.   Spectra/FM_Spectra/1118/CELL/AHT0074.00-11_AHT0074.00_A03-090_CELL_Die38_C0_R-1_20251118134337716.sme,AHT0074.00-11,AHT0074.00,A03-090,CELL,38,0,-1,8.271,1,0.994,0,9,373.9614,42.4236,51.7829,0.35,27.318,147,252.09,37.8,0.88,1.98,2.667,12.498,40,136.5,22.999,6.5,27.779,38.291,76.506,1.14,3.1,8,40.004,57.674
C:/work/JHICC/20260202/2.   Spectra/FM_Spectra/1118/CELL/AHT0074.00-11_AHT0074.00_A03-090_CELL_Die39_C0_R0_20251118134339816.sme,AHT0074.00-11,AHT0074.00,A03-090,CELL,39,0,0,9.236,1,0.9938,0,28,380.6023,42.5971,51.9807,0.35,27.631,147,249.055,37.8,0.88,1.98,2.515,13.237,40,136.5,22.834,6.5,27.024,38.697,76.333,1.14,3.1,8,39.932,58.155
C:/work/JHICC/20260202/2.   Spectra/FM_Spectra/1118/CELL/AHT0074.00-11_AHT0074.00_A03-090_CELL_Die40_C0_R1_20251118134341916.sme,AHT0074.00-11,AHT0074.00,A03-090,CELL,40,0,1,8.208,1,0.994,0,11,388.8546,42.4604,51.8249,0.35,27.237,147,251.755,37.8,0.88,1.98,2.759,12.749,40,136.5,24.117,6.5,27.878,38.324,76.469,1.14,3.1,8,41.067,58.133
C:/work/JHICC/20260202/2.   Spectra/FM_Spectra/1118/CELL/AHT0074.00-11_AHT0074.00_A03-090_CELL_Die41_C0_R2_20251118134344016.sme,AHT0074.00-11,AHT0074.00,A03-090,CELL,41,0,2,7.952,1,0.994,0,10,392.035,42.5151,51.8872,0.35,27.384,147,250.463,37.8,0.88,1.98,2.664,13.135,40,136.5,23.778,6.5,27.635,38.703,76.415,1.14,3.1,8,40.801,57.984
C:/work/JHICC/20260202/2.   Spectra/FM_Spectra/1118/CELL/AHT0074.00-11_AHT0074.00_A03-090_CELL_Die42_C0_R3_20251118134346116.sme,AHT0074.00-11,AHT0074.00,A03-090,CELL,42,0,3,7.883,1,0.994,0,10,399.4495,42.5098,51.8812,0.35,27.407,147,251.252,37.8,0.88,1.98,2.661,13.26,40,136.5,24.071,6.5,27.728,38.807,76.42,1.14,3.1,8,41.282,57.878
C:/work/JHICC/20260202/2.   Spectra/FM_Spectra/1118/CELL/AHT0074.00-11_AHT0074.00_A03-090_CELL_Die43_C0_R4_20251118134348216.sme,AHT0074.00-11,AHT0074.00,A03-090,CELL,43,0,4,8.527,1,0.9939,0,18,387.367,42.5765,51.9572,0.35,27.341,147,250.894,37.8,0.88,1.98,2.413,13.813,40,136.5,25.75,6.5,27.751,38.814,76.353,1.14,3.1,8,40.686,58.445
C:/work/JHICC/20260202/2.   Spectra/FM_Spectra/1118/CELL/AHT0074.00-11_AHT0074.00_A03-090_CELL_Die44_C1_R4_20251118134350316.sme,AHT0074.00-11,AHT0074.00,A03-090,CELL,44,1,4,7.773,1,0.994,0,16,372.4514,42.3917,51.7466,0.35,27.204,147,252.211,37.8,0.88,1.98,2.432,13.56,40,136.5,25.93,6.5,28.913,38.533,76.538,1.14,3.1,8,40.586,57.761
C:/work/JHICC/20260202/2.   Spectra/FM_Spectra/1118/CELL/AHT0074.00-11_AHT0074.00_A03-090_CELL_Die45_C1_R3_20251118134352415.sme,AHT0074.00-11,AHT0074.00,A03-090,CELL,45,1,3,7.958,1,0.994,0,10,415.6535,42.5196,51.8924,0.35,27.298,147,252.019,37.8,0.88,1.98,2.792,13.37,40,136.5,25.078,6.5,27.875,39.035,76.41,1.14,3.1,8,42.768,58.896
C:/work/JHICC/20260202/2.   Spectra/FM_Spectra/1118/CELL/AHT0074.00-11_AHT0074.00_A03-090_CELL_Die46_C1_R2_20251118134354516.sme,AHT0074.00-11,AHT0074.00,A03-090,CELL,46,1,2,7.869,1,0.994,0,9,388.8336,42.4956,51.865,0.35,27.257,147,250.631,37.8,0.88,1.98,2.636,13.09,40,136.5,23.805,6.5,27.731,38.77,76.434,1.14,3.1,8,40.473,57.787
C:/work/JHICC/20260202/2.   Spectra/FM_Spectra/1118/CELL/AHT0074.00-11_AHT0074.00_A03-090_CELL_Die47_C1_R1_20251118134356615.sme,AHT0074.00-11,AHT0074.00,A03-090,CELL,47,1,1,8.186,1,0.994,0,9,378.9063,42.4825,51.85,0.35,27.286,147,251.474,37.8,0.88,1.98,2.703,12.679,40,136.5,23.066,6.5,27.632,38.459,76.447,1.14,3.1,8,40.135,57.769
C:/work/JHICC/20260202/2.   Spectra/FM_Spectra/1118/CELL/AHT0074.00-11_AHT0074.00_A03-090_CELL_Die48_C1_R0_20251118134358715.sme,AHT0074.00-11,AHT0074.00,A03-090,CELL,48,1,0,8.576,1,0.9939,0,10,404.4341,42.4628,51.8276,0.35,27.63,147,250.833,37.8,0.88,1.98,2.943,12.852,40,136.5,22.201,6.5,27.938,38.461,76.467,1.14,3.1,8,43.072,58.315
C:/work/JHICC/20260202/2.   Spectra/FM_Spectra/1118/CELL/AHT0074.00-11_AHT0074.00_A03-090_CELL_Die49_C1_R-1_20251118134400816.sme,AHT0074.00-11,AHT0074.00,A03-090,CELL,49,1,-1,8.438,1,0.9939,0,43,451.8212,42.5723,51.9524,0.35,28.07,147,251.529,37.8,0.88,1.98,3.366,12.802,40,136.5,21.53,6.5,27.904,38.903,76.358,1.14,3.1,8,47.954,60.045
C:/work/JHICC/20260202/2.   Spectra/FM_Spectra/1118/CELL/AHT0074.00-11_AHT0074.00_A03-090_CELL_Die50_C1_R-2_20251118134402915.sme,AHT0074.00-11,AHT0074.00,A03-090,CELL,50,1,-2,8.071,1,0.994,0,13,401.1828,42.4952,51.8646,0.35,27.798,147,249.978,37.8,0.88,1.98,2.764,13.525,40,136.5,22.047,6.5,27.574,39.008,76.435,1.14,3.1,8,41.979,59.051
C:/work/JHICC/20260202/2.   Spectra/FM_Spectra/1118/CELL/AHT0074.00-11_AHT0074.00_A03-090_CELL_Die51_C1_R-3_20251118134405015.sme,AHT0074.00-11,AHT0074.00,A03-090,CELL,51,1,-3,7.844,1,0.994,0,10,384.9279,42.4452,51.8076,0.35,27.519,147,251.249,37.8,0.88,1.98,2.563,13.317,40,136.5,24.543,6.5,28.221,38.915,76.485,1.14,3.1,8,40.619,57.02
C:/work/JHICC/20260202/2.   Spectra/FM_Spectra/1118/CELL/AHT0074.00-11_AHT0074.00_A03-090_CELL_Die52_C1_R-4_20251118134407115.sme,AHT0074.00-11,AHT0074.00,A03-090,CELL,52,1,-4,7.895,1,0.994,0,10,355.4151,42.345,51.6933,0.35,27.231,147,252.957,37.8,0.88,1.98,2.265,13.557,40,136.5,26.596,6.5,29.291,38.608,76.585,1.14,3.1,8,39.794,57.301
C:/work/JHICC/20260202/2.   Spectra/FM_Spectra/1118/CELL/AHT0074.00-11_AHT0074.00_A03-090_CELL_Die53_C2_R-4_20251118134409217.sme,AHT0074.00-11,AHT0074.00,A03-090,CELL,53,2,-4,7.84,1,0.994,0,8,312.8459,42.3088,51.652,0.35,28.141,147,253.33,37.8,0.88,1.98,1.872,12.539,40,136.5,23.135,6.5,29.411,38.343,76.621,1.14,3.1,8,36.91,55.622
C:/work/JHICC/20260202/2.   Spectra/FM_Spectra/1118/CELL/AHT0074.00-11_AHT0074.00_A03-090_CELL_Die54_C2_R-3_20251118134411315.sme,AHT0074.00-11,AHT0074.00,A03-090,CELL,54,2,-3,7.578,1,0.9941,0,12,373.0914,42.4,51.756,0.35,27.718,147,250.644,37.8,0.88,1.98,2.374,13.417,40,136.5,24.453,6.5,28.55,38.909,76.53,1.14,3.1,8,39.991,56.944
C:/work/JHICC/20260202/2.   Spectra/FM_Spectra/1118/CELL/AHT0074.00-11_AHT0074.00_A03-090_CELL_Die55_C2_R-2_20251118134413415.sme,AHT0074.00-11,AHT0074.00,A03-090,CELL,55,2,-2,8.043,1,0.994,0,8,399.0956,42.4804,51.8477,0.35,27.759,147,250.711,37.8,0.88,1.98,2.754,13.556,40,136.5,21.789,6.5,27.545,39.121,76.449,1.14,3.1,8,41.714,59.185
C:/work/JHICC/20260202/2.   Spectra/FM_Spectra/1118/CELL/AHT0074.00-11_AHT0074.00_A03-090_CELL_Die56_C2_R-1_20251118134415515.sme,AHT0074.00-11,AHT0074.00,A03-090,CELL,56,2,-1,8.166,1,0.994,0,10,412.11,42.5291,51.9032,0.35,27.693,147,250.811,37.8,0.88,1.98,2.953,13.258,40,136.5,21.358,6.5,27.629,39.058,76.401,1.14,3.1,8,43.13,59.528
C:/work/JHICC/20260202/2.   Spectra/FM_Spectra/1118/CELL/AHT0074.00-11_AHT0074.00_A03-090_CELL_Die57_C2_R0_20251118134417615.sme,AHT0074.00-11,AHT0074.00,A03-090,CELL,57,2,0,8.116,1,0.994,0,13,415.4984,42.5598,51.9382,0.35,27.74,147,249.881,37.8,0.88,1.98,3.009,13.449,40,136.5,21.499,6.5,27.694,39.034,76.37,1.14,3.1,8,43.462,59.432
C:/work/JHICC/20260202/2.   Spectra/FM_Spectra/1118/CELL/AHT0074.00-11_AHT0074.00_A03-090_CELL_Die58_C2_R1_20251118134419715.sme,AHT0074.00-11,AHT0074.00,A03-090,CELL,58,2,1,7.947,1,0.994,0,11,364.7667,42.5013,51.8714,0.35,27.346,147,249.602,37.8,0.88,1.98,2.498,12.904,40,136.5,22.921,6.5,27.58,38.682,76.429,1.14,3.1,8,38.561,56.842
C:/work/JHICC/20260202/2.   Spectra/FM_Spectra/1118/CELL/AHT0074.00-11_AHT0074.00_A03-090_CELL_Die59_C2_R2_20251118134421815.sme,AHT0074.00-11,AHT0074.00,A03-090,CELL,59,2,2,7.936,1,0.994,0,12,398.2303,42.4969,51.8664,0.35,27.076,147,251.359,37.8,0.88,1.98,2.707,13.181,40,136.5,24.09,6.5,27.672,38.966,76.433,1.14,3.1,8,41.02,58.738
C:/work/JHICC/20260202/2.   Spectra/FM_Spectra/1118/CELL/AHT0074.00-11_AHT0074.00_A03-090_CELL_Die60_C2_R3_20251118134423915.sme,AHT0074.00-11,AHT0074.00,A03-090,CELL,60,2,3,7.987,1,0.994,0,16,410.826,42.4876,51.8559,0.35,26.855,147,252.937,37.8,0.88,1.98,2.728,13.519,40,136.5,26.048,6.5,27.923,39.056,76.442,1.14,3.1,8,42.247,59.864
C:/work/JHICC/20260202/2.   Spectra/FM_Spectra/1118/CELL/AHT0074.00-11_AHT0074.00_A03-090_CELL_Die61_C2_R4_20251118134426015.sme,AHT0074.00-11,AHT0074.00,A03-090,CELL,61,2,4,8.455,1,0.9939,0,12,360.368,42.4061,51.763,0.35,27.965,147,251.253,37.8,0.88,1.98,2.327,13.012,40,136.5,21.82,6.5,28.43,38.594,76.524,1.14,3.1,8,39.715,58.168
C:/work/JHICC/20260202/2.   Spectra/FM_Spectra/1118/CELL/AHT0074.00-11_AHT0074.00_A03-090_CELL_Die62_C3_R3_20251118134428115.sme,AHT0074.00-11,AHT0074.00,A03-090,CELL,62,3,3,8.382,1,0.9939,0,14,389.8621,42.4917,51.8605,0.35,26.363,147,253.884,37.8,0.88,1.98,2.572,13.367,40,136.5,26.276,6.5,27.826,38.988,76.438,1.14,3.1,8,40.842,60.655
C:/work/JHICC/20260202/2.   Spectra/FM_Spectra/1118/CELL/AHT0074.00-11_AHT0074.00_A03-090_CELL_Die63_C3_R2_20251118134430217.sme,AHT0074.00-11,AHT0074.00,A03-090,CELL,63,3,2,7.898,1,0.994,0,13,408.9441,42.5047,51.8754,0.35,26.844,147,252.29,37.8,0.88,1.98,2.743,13.211,40,136.5,24.801,6.5,27.755,39.092,76.425,1.14,3.1,8,41.882,59.609
C:/work/JHICC/20260202/2.   Spectra/FM_Spectra/1118/CELL/AHT0074.00-11_AHT0074.00_A03-090_CELL_Die64_C3_R1_20251118134432314.sme,AHT0074.00-11,AHT0074.00,A03-090,CELL,64,3,1,7.676,1,0.994,0,10,380.4491,42.4574,51.8215,0.35,27.102,147,251.555,37.8,0.88,1.98,2.64,13.016,40,136.5,23.311,6.5,27.829,38.883,76.472,1.14,3.1,8,39.716,57.801
C:/work/JHICC/20260202/2.   Spectra/FM_Spectra/1118/CELL/AHT0074.00-11_AHT0074.00_A03-090_CELL_Die65_C3_R0_20251118134434414.sme,AHT0074.00-11,AHT0074.00,A03-090,CELL,65,3,0,8.119,1,0.994,0,23,359.9751,42.4276,51.7874,0.35,27.971,147,249.431,37.8,0.88,1.98,2.261,12.82,40,136.5,20.848,6.5,27.128,38.896,76.502,1.14,3.1,8,38.248,58.963
C:/work/JHICC/20260202/2.   Spectra/FM_Spectra/1118/CELL/AHT0074.00-11_AHT0074.00_A03-090_CELL_Die66_C3_R-1_20251118134436515.sme,AHT0074.00-11,AHT0074.00,A03-090,CELL,66,3,-1,7.994,1,0.994,0,12,397.1107,42.4733,51.8396,0.35,27.64,147,251.14,37.8,0.88,1.98,2.762,13.442,40,136.5,21.467,6.5,27.51,39.131,76.456,1.14,3.1,8,41.452,59.364
C:/work/JHICC/20260202/2.   Spectra/FM_Spectra/1118/CELL/AHT0074.00-11_AHT0074.00_A03-090_CELL_Die67_C3_R-2_20251118134438614.sme,AHT0074.00-11,AHT0074.00,A03-090,CELL,67,3,-2,7.825,1,0.994,0,11,365.0217,42.4324,51.793,0.35,27.948,147,249.952,37.8,0.88,1.98,2.271,13.215,40,136.5,22.331,6.5,27.7,39.066,76.497,1.14,3.1,8,38.725,57.606
C:/work/JHICC/20260202/2.   Spectra/FM_Spectra/1118/CELL/AHT0074.00-11_AHT0074.00_A03-090_CELL_Die68_C3_R-3_20251118134440714.sme,AHT0074.00-11,AHT0074.00,A03-090,CELL,68,3,-3,7.985,1,0.994,0,10,353.9681,42.457,51.821,0.35,27.998,147,249.901,37.8,0.88,1.98,2.161,13.716,40,136.5,24.178,6.5,28.467,38.956,76.473,1.14,3.1,8,38.596,56.898
C:/work/JHICC/20260202/2.   Spectra/FM_Spectra/1118/CELL/AHT0074.00-11_AHT0074.00_A03-090_CELL_Die69_C4_R-3_20251118134442814.sme,AHT0074.00-11,AHT0074.00,A03-090,CELL,69,4,-3,8.851,1,0.9938,0,10,350.5904,42.4443,51.8065,0.35,29.106,147,251.572,37.8,0.88,1.98,1.927,11.886,40,136.5,18.531,6.5,29.154,38.788,76.486,1.14,3.1,8,38.319,54.23
C:/work/JHICC/20260202/2.   Spectra/FM_Spectra/1118/CELL/AHT0074.00-11_AHT0074.00_A03-090_CELL_Die70_C4_R-2_20251118134444914.sme,AHT0074.00-11,AHT0074.00,A03-090,CELL,70,4,-2,7.059,1,0.9941,0,13,350.5612,42.3213,51.6662,0.35,27.736,147,251.076,37.8,0.88,1.98,2.232,13.224,40,136.5,24.428,6.5,29.07,38.718,76.609,1.14,3.1,8,39.175,56.136
C:/work/JHICC/20260202/2.   Spectra/FM_Spectra/1118/CELL/AHT0074.00-11_AHT0074.00_A03-090_CELL_Die71_C4_R-1_20251118134447014.sme,AHT0074.00-11,AHT0074.00,A03-090,CELL,71,4,-1,7.363,1,0.9941,0,10,375.5751,42.4034,51.7599,0.35,27.309,147,251.934,37.8,0.88,1.98,2.499,13.142,40,136.5,24.238,6.5,28.502,38.895,76.526,1.14,3.1,8,40.113,56.726
C:/work/JHICC/20260202/2.   Spectra/FM_Spectra/1118/CELL/AHT0074.00-11_AHT0074.00_A03-090_CELL_Die72_C4_R0_20251118134449114.sme,AHT0074.00-11,AHT0074.00,A03-090,CELL,72,4,0,7.602,1,0.9941,0,8,376.66,42.4868,51.8549,0.35,27.192,147,250.925,37.8,0.88,1.98,2.473,13.202,40,136.5,23.526,6.5,27.822,39,76.443,1.14,3.1,8,39.48,57.23
C:/work/JHICC/20260202/2.   Spectra/FM_Spectra/1118/CELL/AHT0074.00-11_AHT0074.00_A03-090_CELL_Die73_C4_R1_20251118134451215.sme,AHT0074.00-11,AHT0074.00,A03-090,CELL,73,4,1,7.582,1,0.9941,0,12,394.1096,42.4222,51.7813,0.35,26.82,147,252.903,37.8,0.88,1.98,2.662,13.035,40,136.5,25.036,6.5,28.274,38.907,76.508,1.14,3.1,8,41.282,58.624
C:/work/JHICC/20260202/2.   Spectra/FM_Spectra/1118/CELL/AHT0074.00-11_AHT0074.00_A03-090_CELL_Die74_C4_R2_20251118134453314.sme,AHT0074.00-11,AHT0074.00,A03-090,CELL,74,4,2,7.695,1,0.994,0,11,388.4902,42.399,51.7548,0.35,26.522,147,254.064,37.8,0.88,1.98,2.648,13.143,40,136.5,25.336,6.5,28.402,38.834,76.531,1.14,3.1,8,41.249,59.488
C:/work/JHICC/20260202/2.   Spectra/FM_Spectra/1118/CELL/AHT0074.00-11_AHT0074.00_A03-090_CELL_Die75_C4_R3_20251118134455414.sme,AHT0074.00-11,AHT0074.00,A03-090,CELL,75,4,3,8.482,1,0.9939,0,10,308.6239,42.4449,51.8071,0.35,27.474,147,253.487,37.8,0.88,1.98,1.857,10.762,40,136.5,19.218,6.5,28.478,38.354,76.485,1.14,3.1,8,37.175,52.68
C:/work/JHICC/20260202/2.   Spectra/FM_Spectra/1118/CELL/AHT0074.00-11_AHT0074.00_A03-090_CELL_Die76_C5_R1_20251118134457514.sme,AHT0074.00-11,AHT0074.00,A03-090,CELL,76,5,1,7.674,1,0.994,0,11,374.9619,42.3301,51.6763,0.35,27.59,147,253.744,37.8,0.88,1.98,2.478,12.401,40,136.5,19.492,6.5,28.484,38.781,76.6,1.14,3.1,8,41.034,59.346
C:/work/JHICC/20260202/2.   Spectra/FM_Spectra/1118/CELL/AHT0074.00-11_AHT0074.00_A03-090_CELL_Die77_C5_R0_20251118134459614.sme,AHT0074.00-11,AHT0074.00,A03-090,CELL,77,5,0,8.153,1,0.994,0,9,325.4266,42.4501,51.8131,0.35,27.611,147,251.2,37.8,0.88,1.98,1.909,11.906,40,136.5,21.052,6.5,28.182,38.674,76.48,1.14,3.1,8,37.478,53.435
C:/work/JHICC/20260202/2.   Spectra/FM_Spectra/1118/CELL/AHT0074.00-11_AHT0074.00_A03-090_CELL_Die78_C5_R-1_20251118134459640.sme,AHT0074.00-11,AHT0074.00,A03-090,CELL,78,5,-1,7.644,1,0.994,0,14,360.587,42.3161,51.6603,0.35,28.287,147,252.441,37.8,0.88,1.98,2.248,12.426,40,136.5,19.312,6.5,28.927,38.699,76.614,1.14,3.1,8,39.865,57.058
C:/work/JHICC/20260202/2.   Spectra/FM_Spectra/AHT0124.1H/2026-01-13/Spectrum/18-02-27/CELL/AHT0124.00-04_AHT0124.1H_A03-090_CELL_Die1_C-5_R1_20260113180237594.sme,AHT0124.00-04,AHT0124.1H,A03-090,CELL,1,-5,1,11.614,1,0.9934,0,15,393.0466,42.5169,51.8893,0.35,24.752,147,258.698,37.8,0.88,1.98,2.494,13.38,40,136.5,28.427,6.5,26.404,37.21,76.413,1.14,3.1,8,42.448,66.566
C:/work/JHICC/20260202/2.   Spectra/FM_Spectra/AHT0124.1H/2026-01-13/Spectrum/18-02-27/CELL/AHT0124.00-04_AHT0124.1H_A03-090_CELL_Die2_C-5_R0_20260113180239694.sme,AHT0124.00-04,AHT0124.1H,A03-090,CELL,2,-5,0,11.406,1,0.9934,0,15,387.8887,42.5125,51.8842,0.35,24.359,147,260.243,37.8,0.88,1.98,2.394,13.212,40,136.5,30.214,6.5,26.435,37.326,76.417,1.14,3.1,8,42.194,67.628
C:/work/JHICC/20260202/2.   Spectra/FM_Spectra/AHT0124.1H/2026-01-13/Spectrum/18-02-27/CELL/AHT0124.00-04_AHT0124.1H_A03-090_CELL_Die3_C-5_R-1_20260113180241794.sme,AHT0124.00-04,AHT0124.1H,A03-090,CELL,3,-5,-1,11.326,1,0.9934,0,17,385.4599,42.5043,51.8749,0.35,24.529,147,260.127,37.8,0.88,1.98,2.377,13.341,40,136.5,30.178,6.5,26.629,37.265,76.425,1.14,3.1,8,42.227,67.158
C:/work/JHICC/20260202/2.   Spectra/FM_Spectra/AHT0124.1H/2026-01-13/Spectrum/18-02-27/CELL/AHT0124.00-04_AHT0124.1H_A03-090_CELL_Die4_C-4_R-3_20260113180243894.sme,AHT0124.00-04,AHT0124.1H,A03-090,CELL,4,-4,-3,11.448,1,0.9934,0,14,363.8104,42.4609,51.8255,0.35,24.465,147,261.758,37.8,0.88,1.98,2.306,12.598,40,136.5,29.172,6.5,26.947,37.208,76.469,1.14,3.1,8,41.292,66.963
C:/work/JHICC/20260202/2.   Spectra/FM_Spectra/AHT0124.1H/2026-01-13/Spectrum/18-02-27/CELL/AHT0124.00-04_AHT0124.1H_A03-090_CELL_Die5_C-4_R-2_20260113180245996.sme,AHT0124.00-04,AHT0124.1H,A03-090,CELL,5,-4,-2,11.145,1,0.9934,0,17,391.5219,42.5172,51.8896,0.35,24.494,147,261.125,37.8,0.88,1.98,2.375,13.733,40,136.5,32.25,6.5,26.848,37.568,76.413,1.14,3.1,8,42.77,67.461
C:/work/JHICC/20260202/2.   Spectra/FM_Spectra/AHT0124.1H/2026-01-13/Spectrum/18-02-27/CELL/AHT0124.00-04_AHT0124.1H_A03-090_CELL_Die6_C-4_R-1_20260113180248094.sme,AHT0124.00-04,AHT0124.1H,A03-090,CELL,6,-4,-1,11.563,1,0.9934,0,16,384.5611,42.4897,51.8583,0.35,24.584,147,260.472,37.8,0.88,1.98,2.345,13.488,40,136.5,30.296,6.5,26.682,37.383,76.44,1.14,3.1,8,42.023,67.364
C:/work/JHICC/20260202/2.   Spectra/FM_Spectra/AHT0124.1H/2026-01-13/Spectrum/18-02-27/CELL/AHT0124.00-04_AHT0124.1H_A03-090_CELL_Die7_C-4_R0_20260113180250194.sme,AHT0124.00-04,AHT0124.1H,A03-090,CELL,7,-4,0,11.745,1,0.9933,0,15,381.8515,42.4744,51.8408,0.35,24.583,147,259.894,37.8,0.88,1.98,2.391,13.311,40,136.5,28.893,6.5,26.616,37.365,76.455,1.14,3.1,8,41.52,67.2
C:/work/JHICC/20260202/2.   Spectra/FM_Spectra/AHT0124.1H/2026-01-13/Spectrum/18-02-27/CELL/AHT0124.00-04_AHT0124.1H_A03-090_CELL_Die8_C-4_R1_20260113180252294.sme,AHT0124.00-04,AHT0124.1H,A03-090,CELL,8,-4,1,11.799,1,0.9933,0,14,391.8878,42.5046,51.8752,0.35,24.831,147,259.07,37.8,0.88,1.98,2.453,13.524,40,136.5,28.804,6.5,26.474,37.413,76.425,1.14,3.1,8,42.132,66.737
C:/work/JHICC/20260202/2.   Spectra/FM_Spectra/AHT0124.1H/2026-01-13/Spectrum/18-02-27/CELL/AHT0124.00-04_AHT0124.1H_A03-090_CELL_Die9_C-4_R2_20260113180254394.sme,AHT0124.00-04,AHT0124.1H,A03-090,CELL,9,-4,2,11.466,1,0.9934,0,18,404.5397,42.5415,51.9173,0.35,24.924,147,257.512,37.8,0.88,1.98,2.507,13.964,40,136.5,28.968,6.5,26.316,37.372,76.388,1.14,3.1,8,42.923,66.502
C:/work/JHICC/20260202/2.   Spectra/FM_Spectra/AHT0124.1H/2026-01-13/Spectrum/18-02-27/CELL/AHT0124.00-04_AHT0124.1H_A03-090_CELL_Die10_C-3_R3_20260113180256496.sme,AHT0124.00-04,AHT0124.1H,A03-090,CELL,10,-3,3,10.822,1,0.9935,0,16,417.4238,42.5187,51.8914,0.35,25.037,147,257.22,37.8,0.88,1.98,2.654,14.013,40,136.5,28.304,6.5,26.859,37.392,76.411,1.14,3.1,8,44.167,66.07
C:/work/JHICC/20260202/2.   Spectra/FM_Spectra/AHT0124.1H/2026-01-13/Spectrum/18-02-27/CELL/AHT0124.00-04_AHT0124.1H_A03-090_CELL_Die11_C-3_R2_20260113180258594.sme,AHT0124.00-04,AHT0124.1H,A03-090,CELL,11,-3,2,11.542,1,0.9934,0,11,410.5368,42.534,51.9087,0.35,25.44,147,257.256,37.8,0.88,1.98,2.675,13.603,40,136.5,26.506,6.5,26.827,37.513,76.396,1.14,3.1,8,43.618,65.46
C:/work/JHICC/20260202/2.   Spectra/FM_Spectra/AHT0124.1H/2026-01-13/Spectrum/18-02-27/CELL/AHT0124.00-04_AHT0124.1H_A03-090_CELL_Die12_C-3_R1_20260113180300693.sme,AHT0124.00-04,AHT0124.1H,A03-090,CELL,12,-3,1,11.795,1,0.9933,0,11,392.3435,42.502,51.8723,0.35,25.71,147,257.719,37.8,0.88,1.98,2.64,13.239,40,136.5,24.883,6.5,27.069,37.308,76.428,1.14,3.1,8,42.47,64.519
C:/work/JHICC/20260202/2.   Spectra/FM_Spectra/AHT0124.1H/2026-01-13/Spectrum/18-02-27/CELL/AHT0124.00-04_AHT0124.1H_A03-090_CELL_Die13_C-3_R0_20260113180302793.sme,AHT0124.00-04,AHT0124.1H,A03-090,CELL,13,-3,0,11.62,1,0.9934,0,11,384.0891,42.4699,51.8356,0.35,25.537,147,258.447,37.8,0.88,1.98,2.577,13.043,40,136.5,24.901,6.5,27.263,37.174,76.46,1.14,3.1,8,42.082,64.607
C:/work/JHICC/20260202/2.   Spectra/FM_Spectra/AHT0124.1H/2026-01-13/Spectrum/18-02-27/CELL/AHT0124.00-04_AHT0124.1H_A03-090_CELL_Die14_C-3_R-1_20260113180304894.sme,AHT0124.00-04,AHT0124.1H,A03-090,CELL,14,-3,-1,11.705,1,0.9933,0,16,391.6402,42.5027,51.8731,0.35,25.731,147,258.042,37.8,0.88,1.98,2.615,13.327,40,136.5,25.342,6.5,27.253,37.179,76.427,1.14,3.1,8,42.596,64.806
C:/work/JHICC/20260202/2.   Spectra/FM_Spectra/AHT0124.1H/2026-01-13/Spectrum/18-02-27/CELL/AHT0124.00-04_AHT0124.1H_A03-090_CELL_Die15_C-3_R-2_20260113180306996.sme,AHT0124.00-04,AHT0124.1H,A03-090,CELL,15,-3,-2,11.403,1,0.9934,0,17,379.9615,42.4619,51.8265,0.35,24.958,147,260.048,37.8,0.88,1.98,2.405,13.47,40,136.5,28.466,6.5,27.115,37.372,76.468,1.14,3.1,8,41.751,66.401
C:/work/JHICC/20260202/2.   Spectra/FM_Spectra/AHT0124.1H/2026-01-13/Spectrum/18-02-27/CELL/AHT0124.00-04_AHT0124.1H_A03-090_CELL_Die16_C-3_R-3_20260113180309094.sme,AHT0124.00-04,AHT0124.1H,A03-090,CELL,16,-3,-3,10.794,1,0.9935,0,19,395.7626,42.5021,51.8724,0.35,24.354,147,261.64,37.8,0.88,1.98,2.467,13.628,40,136.5,32.546,6.5,27.194,37.587,76.428,1.14,3.1,8,43.239,67.637
C:/work/JHICC/20260202/2.   Spectra/FM_Spectra/AHT0124.1H/2026-01-13/Spectrum/18-02-27/CELL/AHT0124.00-04_AHT0124.1H_A03-090_CELL_Die17_C-2_R-4_20260113180311193.sme,AHT0124.00-04,AHT0124.1H,A03-090,CELL,17,-2,-4,11.776,1,0.9933,0,20,370.3589,42.5036,51.8742,0.35,24.201,147,262.778,37.8,0.88,1.98,2.309,12.845,40,136.5,31.318,6.5,26.535,37.485,76.426,1.14,3.1,8,41.3,67.845
C:/work/JHICC/20260202/2.   Spectra/FM_Spectra/AHT0124.1H/2026-01-13/Spectrum/18-02-27/CELL/AHT0124.00-04_AHT0124.1H_A03-090_CELL_Die18_C-2_R-3_20260113180313294.sme,AHT0124.00-04,AHT0124.1H,A03-090,CELL,18,-2,-3,11.841,1,0.9933,0,15,375.2156,42.4952,51.8645,0.35,24.564,147,261.304,37.8,0.88,1.98,2.299,13.377,40,136.5,30.401,6.5,26.613,37.591,76.435,1.14,3.1,8,41.282,67.398
C:/work/JHICC/20260202/2.   Spectra/FM_Spectra/AHT0124.1H/2026-01-13/Spectrum/18-02-27/CELL/AHT0124.00-04_AHT0124.1H_A03-090_CELL_Die19_C-2_R-2_20260113180315393.sme,AHT0124.00-04,AHT0124.1H,A03-090,CELL,19,-2,-2,11.718,1,0.9933,0,16,372.5367,42.4942,51.8634,0.35,25.217,147,259.536,37.8,0.88,1.98,2.431,13.352,40,136.5,26.455,6.5,26.874,37.265,76.436,1.14,3.1,8,40.803,65.761
C:/work/JHICC/20260202/2.   Spectra/FM_Spectra/AHT0124.1H/2026-01-13/Spectrum/18-02-27/CELL/AHT0124.00-04_AHT0124.1H_A03-090_CELL_Die20_C-2_R-1_20260113180317494.sme,AHT0124.00-04,AHT0124.1H,A03-090,CELL,20,-2,-1,11.455,1,0.9934,0,13,381.8091,42.5072,51.8782,0.35,25.535,147,258.738,37.8,0.88,1.98,2.593,13.088,40,136.5,24.519,6.5,27.187,37.116,76.423,1.14,3.1,8,41.84,64.625
C:/work/JHICC/20260202/2.   Spectra/FM_Spectra/AHT0124.1H/2026-01-13/Spectrum/18-02-27/CELL/AHT0124.00-04_AHT0124.1H_A03-090_CELL_Die21_C-2_R0_20260113180319593.sme,AHT0124.00-04,AHT0124.1H,A03-090,CELL,21,-2,0,11.407,1,0.9934,0,8,374.5009,42.4999,51.8699,0.35,25.552,147,257.82,37.8,0.88,1.98,2.527,13.127,40,136.5,24.128,6.5,27.038,37.009,76.43,1.14,3.1,8,41.055,64.034
C:/work/JHICC/20260202/2.   Spectra/FM_Spectra/AHT0124.1H/2026-01-13/Spectrum/18-02-27/CELL/AHT0124.00-04_AHT0124.1H_A03-090_CELL_Die22_C-2_R1_20260113180321693.sme,AHT0124.00-04,AHT0124.1H,A03-090,CELL,22,-2,1,11.76,1,0.9933,0,10,388.7216,42.5271,51.9009,0.35,25.432,147,258.356,37.8,0.88,1.98,2.646,13.227,40,136.5,24.464,6.5,26.835,37.195,76.403,1.14,3.1,8,42.023,65.03
C:/work/JHICC/20260202/2.   Spectra/FM_Spectra/AHT0124.1H/2026-01-13/Spectrum/18-02-27/CELL/AHT0124.00-04_AHT0124.1H_A03-090_CELL_Die23_C-2_R2_20260113180323793.sme,AHT0124.00-04,AHT0124.1H,A03-090,CELL,23,-2,2,10.903,1,0.9935,0,11,385.429,42.4325,51.793,0.35,25.363,147,257.784,37.8,0.88,1.98,2.622,13.378,40,136.5,25.549,6.5,27.344,37.232,76.497,1.14,3.1,8,41.988,64.896
C:/work/JHICC/20260202/2.   Spectra/FM_Spectra/AHT0124.1H/2026-01-13/Spectrum/18-02-27/CELL/AHT0124.00-04_AHT0124.1H_A03-090_CELL_Die24_C-2_R3_20260113180325893.sme,AHT0124.00-04,AHT0124.1H,A03-090,CELL,24,-2,3,11.404,1,0.9934,0,16,413.308,42.5368,51.912,0.35,25.166,147,257.716,37.8,0.88,1.98,2.668,13.831,40,136.5,27.829,6.5,26.636,37.603,76.393,1.14,3.1,8,43.641,66.072
C:/work/JHICC/20260202/2.   Spectra/FM_Spectra/AHT0124.1H/2026-01-13/Spectrum/18-02-27/CELL/AHT0124.00-04_AHT0124.1H_A03-090_CELL_Die25_C-2_R4_20260113180327996.sme,AHT0124.00-04,AHT0124.1H,A03-090,CELL,25,-2,4,10.993,1,0.9935,0,11,416.3835,42.5151,51.8873,0.35,25.1,147,257.448,37.8,0.88,1.98,2.741,13.467,40,136.5,27.057,6.5,26.795,37.184,76.415,1.14,3.1,8,44.426,65.39
C:/work/JHICC/20260202/2.   Spectra/FM_Spectra/AHT0124.1H/2026-01-13/Spectrum/18-02-27/CELL/AHT0124.00-04_AHT0124.1H_A03-090_CELL_Die26_C-1_R4_20260113180330093.sme,AHT0124.00-04,AHT0124.1H,A03-090,CELL,26,-1,4,10.611,1,0.9935,0,15,418.3578,42.4905,51.8591,0.35,24.494,147,258.978,37.8,0.88,1.98,2.732,13.748,40,136.5,29.848,6.5,26.907,37.37,76.439,1.14,3.1,8,44.322,66.795
C:/work/JHICC/20260202/2.   Spectra/FM_Spectra/AHT0124.1H/2026-01-13/Spectrum/18-02-27/CELL/AHT0124.00-04_AHT0124.1H_A03-090_CELL_Die27_C-1_R3_20260113180332193.sme,AHT0124.00-04,AHT0124.1H,A03-090,CELL,27,-1,3,11.19,1,0.9934,0,18,414.8785,42.5051,51.8758,0.35,24.957,147,258.53,37.8,0.88,1.98,2.761,13.567,40,136.5,27.546,6.5,26.941,37.579,76.425,1.14,3.1,8,43.853,66.396
C:/work/JHICC/20260202/2.   Spectra/FM_Spectra/AHT0124.1H/2026-01-13/Spectrum/18-02-27/CELL/AHT0124.00-04_AHT0124.1H_A03-090_CELL_Die28_C-1_R2_20260113180334293.sme,AHT0124.00-04,AHT0124.1H,A03-090,CELL,28,-1,2,10.944,1,0.9935,0,13,389.3363,42.46,51.8245,0.35,25.033,147,258.441,37.8,0.88,1.98,2.595,13.266,40,136.5,25.808,6.5,27.237,37.256,76.47,1.14,3.1,8,42.264,65.495
C:/work/JHICC/20260202/2.   Spectra/FM_Spectra/AHT0124.1H/2026-01-13/Spectrum/18-02-27/CELL/AHT0124.00-04_AHT0124.1H_A03-090_CELL_Die29_C-1_R1_20260113180336393.sme,AHT0124.00-04,AHT0124.1H,A03-090,CELL,29,-1,1,11.67,1,0.9933,0,12,389.5816,42.4864,51.8545,0.35,25.183,147,259.33,37.8,0.88,1.98,2.697,13.165,40,136.5,24.891,6.5,26.937,36.916,76.443,1.14,3.1,8,42.215,65.791
C:/work/JHICC/20260202/2.   Spectra/FM_Spectra/AHT0124.1H/2026-01-13/Spectrum/18-02-27/CELL/AHT0124.00-04_AHT0124.1H_A03-090_CELL_Die30_C-1_R0_20260113180338495.sme,AHT0124.00-04,AHT0124.1H,A03-090,CELL,30,-1,0,11.605,1,0.9934,0,10,378.6276,42.4736,51.8399,0.35,25.233,147,259.087,37.8,0.88,1.98,2.591,13.058,40,136.5,24.57,6.5,27.048,36.753,76.456,1.14,3.1,8,41.446,64.85
C:/work/JHICC/20260202/2.   Spectra/FM_Spectra/AHT0124.1H/2026-01-13/Spectrum/18-02-27/CELL/AHT0124.00-04_AHT0124.1H_A03-090_CELL_Die31_C-1_R-1_20260113180340593.sme,AHT0124.00-04,AHT0124.1H,A03-090,CELL,31,-1,-1,12.005,1,0.9933,0,11,383.0464,42.5035,51.874,0.35,25.268,147,260.212,37.8,0.88,1.98,2.655,12.882,40,136.5,24.243,6.5,26.991,36.926,76.426,1.14,3.1,8,41.91,65.238
C:/work/JHICC/20260202/2.   Spectra/FM_Spectra/AHT0124.1H/2026-01-13/Spectrum/18-02-27/CELL/AHT0124.00-04_AHT0124.1H_A03-090_CELL_Die32_C-1_R-2_20260113180342693.sme,AHT0124.00-04,AHT0124.1H,A03-090,CELL,32,-1,-2,11.896,1,0.9933,0,9,375.6517,42.4999,51.8699,0.35,25.096,147,259.912,37.8,0.88,1.98,2.496,13.143,40,136.5,25.779,6.5,26.842,37.194,76.43,1.14,3.1,8,41.047,65.998
C:/work/JHICC/20260202/2.   Spectra/FM_Spectra/AHT0124.1H/2026-01-13/Spectrum/18-02-27/CELL/AHT0124.00-04_AHT0124.1H_A03-090_CELL_Die33_C-1_R-3_20260113180344793.sme,AHT0124.00-04,AHT0124.1H,A03-090,CELL,33,-1,-3,12.042,1,0.9933,0,15,375.2707,42.4961,51.8655,0.35,24.709,147,260.98,37.8,0.88,1.98,2.339,13.217,40,136.5,28.887,6.5,26.617,37.53,76.434,1.14,3.1,8,41.125,67.107
C:/work/JHICC/20260202/2.   Spectra/FM_Spectra/AHT0124.1H/2026-01-13/Spectrum/18-02-27/CELL/AHT0124.00-04_AHT0124.1H_A03-090_CELL_Die34_C-1_R-4_20260113180346893.sme,AHT0124.00-04,AHT0124.1H,A03-090,CELL,34,-1,-4,11.159,1,0.9934,0,16,390.9266,42.5305,51.9048,0.35,24.099,147,262.085,37.8,0.88,1.98,2.421,13.291,40,136.5,32.859,6.5,26.752,37.742,76.399,1.14,3.1,8,42.468,68.034
C:/work/JHICC/20260202/2.   Spectra/FM_Spectra/AHT0124.1H/2026-01-13/Spectrum/18-02-27/CELL/AHT0124.00-04_AHT0124.1H_A03-090_CELL_Die35_C0_R-4_20260113180348995.sme,AHT0124.00-04,AHT0124.1H,A03-090,CELL,35,0,-4,11.209,1,0.9934,0,16,388.0966,42.5235,51.8968,0.35,24.029,147,262.427,37.8,0.88,1.98,2.416,13.272,40,136.5,32.098,6.5,26.731,37.677,76.406,1.14,3.1,8,42.31,68.383
C:/work/JHICC/20260202/2.   Spectra/FM_Spectra/AHT0124.1H/2026-01-13/Spectrum/18-02-27/CELL/AHT0124.00-04_AHT0124.1H_A03-090_CELL_Die36_C0_R-3_20260113180351093.sme,AHT0124.00-04,AHT0124.1H,A03-090,CELL,36,0,-3,11.66,1,0.9934,0,16,386.349,42.4786,51.8456,0.35,25.01,147,259.767,37.8,0.88,1.98,2.477,13.251,40,136.5,27.441,6.5,27.074,37.513,76.451,1.14,3.1,8,42.046,66.328
C:/work/JHICC/20260202/2.   Spectra/FM_Spectra/AHT0124.1H/2026-01-13/Spectrum/18-02-27/CELL/AHT0124.00-04_AHT0124.1H_A03-090_CELL_Die37_C0_R-2_20260113180353192.sme,AHT0124.00-04,AHT0124.1H,A03-090,CELL,37,0,-2,11.997,1,0.9933,0,16,385.4533,42.5293,51.9035,0.35,25.211,147,259.359,37.8,0.88,1.98,2.573,13.105,40,136.5,25.025,6.5,26.778,37.293,76.4,1.14,3.1,8,41.737,65.748
C:/work/JHICC/20260202/2.   Spectra/FM_Spectra/AHT0124.1H/2026-01-13/Spectrum/18-02-27/CELL/AHT0124.00-04_AHT0124.1H_A03-090_CELL_Die38_C0_R-1_20260113180355293.sme,AHT0124.00-04,AHT0124.1H,A03-090,CELL,38,0,-1,11.722,1,0.9933,0,13,389.1594,42.4695,51.8352,0.35,25.127,147,260.107,37.8,0.88,1.98,2.659,12.853,40,136.5,24.865,6.5,27.048,36.933,76.46,1.14,3.1,8,42.348,65.917
C:/work/JHICC/20260202/2.   Spectra/FM_Spectra/AHT0124.1H/2026-01-13/Spectrum/18-02-27/CELL/AHT0124.00-04_AHT0124.1H_A03-090_CELL_Die39_C0_R0_20260113180357392.sme,AHT0124.00-04,AHT0124.1H,A03-090,CELL,39,0,0,12.163,1,0.9933,0,12,397.5403,42.5808,51.9621,0.35,25.392,147,257.109,37.8,0.88,1.98,2.679,13.378,40,136.5,24.136,6.5,26.206,36.977,76.349,1.14,3.1,8,41.986,65.454
C:/work/JHICC/20260202/2.   Spectra/FM_Spectra/AHT0124.1H/2026-01-13/Spectrum/18-02-27/CELL/AHT0124.00-04_AHT0124.1H_A03-090_CELL_Die40_C0_R1_20260113180359492.sme,AHT0124.00-04,AHT0124.1H,A03-090,CELL,40,0,1,11.301,1,0.9934,0,10,387.5432,42.4536,51.8171,0.35,24.75,147,259.622,37.8,0.88,1.98,2.663,13.186,40,136.5,25.989,6.5,27.125,36.781,76.476,1.14,3.1,8,42.087,66.057
C:/work/JHICC/20260202/2.   Spectra/FM_Spectra/AHT0124.1H/2026-01-13/Spectrum/18-02-27/CELL/AHT0124.00-04_AHT0124.1H_A03-090_CELL_Die41_C0_R2_20260113180401592.sme,AHT0124.00-04,AHT0124.1H,A03-090,CELL,41,0,2,11.268,1,0.9934,0,12,405.5473,42.5186,51.8913,0.35,24.901,147,258.9,37.8,0.88,1.98,2.775,13.372,40,136.5,25.997,6.5,26.867,37.353,76.411,1.14,3.1,8,43.055,66.574
C:/work/JHICC/20260202/2.   Spectra/FM_Spectra/AHT0124.1H/2026-01-13/Spectrum/18-02-27/CELL/AHT0124.00-04_AHT0124.1H_A03-090_CELL_Die42_C0_R3_20260113180403692.sme,AHT0124.00-04,AHT0124.1H,A03-090,CELL,42,0,3,11.352,1,0.9934,0,15,409.0203,42.5023,51.8727,0.35,24.534,147,259.898,37.8,0.88,1.98,2.771,13.432,40,136.5,27.714,6.5,26.733,37.6,76.427,1.14,3.1,8,43.109,67.185
C:/work/JHICC/20260202/2.   Spectra/FM_Spectra/AHT0124.1H/2026-01-13/Spectrum/18-02-27/CELL/AHT0124.00-04_AHT0124.1H_A03-090_CELL_Die43_C0_R4_20260113180405792.sme,AHT0124.00-04,AHT0124.1H,A03-090,CELL,43,0,4,10.758,1,0.9935,0,16,414.1848,42.4924,51.8613,0.35,23.807,147,261.091,37.8,0.88,1.98,2.711,13.375,40,136.5,31.322,6.5,26.687,37.517,76.437,1.14,3.1,8,43.878,68.301
C:/work/JHICC/20260202/2.   Spectra/FM_Spectra/AHT0124.1H/2026-01-13/Spectrum/18-02-27/CELL/AHT0124.00-04_AHT0124.1H_A03-090_CELL_Die44_C1_R4_20260113180407892.sme,AHT0124.00-04,AHT0124.1H,A03-090,CELL,44,1,4,11.079,1,0.9935,0,16,414.5877,42.4935,51.8626,0.35,23.847,147,261.467,37.8,0.88,1.98,2.748,13.251,40,136.5,31.098,6.5,26.596,37.433,76.436,1.14,3.1,8,43.861,68.19
C:/work/JHICC/20260202/2.   Spectra/FM_Spectra/AHT0124.1H/2026-01-13/Spectrum/18-02-27/CELL/AHT0124.00-04_AHT0124.1H_A03-090_CELL_Die45_C1_R3_20260113180409992.sme,AHT0124.00-04,AHT0124.1H,A03-090,CELL,45,1,3,11.348,1,0.9934,0,16,411.5464,42.498,51.8678,0.35,24.237,147,260.429,37.8,0.88,1.98,2.744,13.489,40,136.5,29.391,6.5,26.641,37.637,76.432,1.14,3.1,8,43.328,67.831
C:/work/JHICC/20260202/2.   Spectra/FM_Spectra/AHT0124.1H/2026-01-13/Spectrum/18-02-27/CELL/AHT0124.00-04_AHT0124.1H_A03-090_CELL_Die46_C1_R2_20260113180412092.sme,AHT0124.00-04,AHT0124.1H,A03-090,CELL,46,1,2,11.352,1,0.9934,0,10,401.9636,42.4783,51.8453,0.35,24.645,147,259.134,37.8,0.88,1.98,2.718,13.281,40,136.5,26.5,6.5,26.97,37.367,76.452,1.14,3.1,8,42.85,66.681
C:/work/JHICC/20260202/2.   Spectra/FM_Spectra/AHT0124.1H/2026-01-13/Spectrum/18-02-27/CELL/AHT0124.00-04_AHT0124.1H_A03-090_CELL_Die47_C1_R1_20260113180414192.sme,AHT0124.00-04,AHT0124.1H,A03-090,CELL,47,1,1,11.526,1,0.9934,0,12,386.2506,42.4748,51.8412,0.35,24.896,147,258.855,37.8,0.88,1.98,2.603,12.991,40,136.5,25.137,6.5,26.899,36.884,76.455,1.14,3.1,8,41.845,65.823
C:/work/JHICC/20260202/2.   Spectra/FM_Spectra/AHT0124.1H/2026-01-13/Spectrum/18-02-27/CELL/AHT0124.00-04_AHT0124.1H_A03-090_CELL_Die48_C1_R0_20260113180416292.sme,AHT0124.00-04,AHT0124.1H,A03-090,CELL,48,1,0,11.566,1,0.9934,0,9,393.445,42.4401,51.8017,0.35,25.42,147,258.694,37.8,0.88,1.98,2.675,13.014,40,136.5,24.649,6.5,26.905,36.961,76.49,1.14,3.1,8,42.151,65.486
C:/work/JHICC/20260202/2.   Spectra/FM_Spectra/AHT0124.1H/2026-01-13/Spectrum/18-02-27/CELL/AHT0124.00-04_AHT0124.1H_A03-090_CELL_Die49_C1_R-1_20260113180418392.sme,AHT0124.00-04,AHT0124.1H,A03-090,CELL,49,1,-1,11.531,1,0.9934,0,9,374.0363,42.4617,51.8263,0.35,25.026,147,259.663,37.8,0.88,1.98,2.498,12.81,40,136.5,24.308,6.5,27.006,36.951,76.468,1.14,3.1,8,41.172,65.269
C:/work/JHICC/20260202/2.   Spectra/FM_Spectra/AHT0124.1H/2026-01-13/Spectrum/18-02-27/CELL/AHT0124.00-04_AHT0124.1H_A03-090_CELL_Die50_C1_R-2_20260113180420492.sme,AHT0124.00-04,AHT0124.1H,A03-090,CELL,50,1,-2,11.132,1,0.9935,0,12,376.1603,42.4205,51.7794,0.35,25.211,147,258.694,37.8,0.88,1.98,2.504,12.851,40,136.5,25.122,6.5,27.429,37.148,76.509,1.14,3.1,8,41.533,65.054
C:/work/JHICC/20260202/2.   Spectra/FM_Spectra/AHT0124.1H/2026-01-13/Spectrum/18-02-27/CELL/AHT0124.00-04_AHT0124.1H_A03-090_CELL_Die51_C1_R-3_20260113180422592.sme,AHT0124.00-04,AHT0124.1H,A03-090,CELL,51,1,-3,11.789,1,0.9933,0,13,394.5926,42.5374,51.9127,0.35,25.105,147,258.737,37.8,0.88,1.98,2.492,13.478,40,136.5,27.456,6.5,26.641,37.766,76.392,1.14,3.1,8,42.115,66.439
C:/work/JHICC/20260202/2.   Spectra/FM_Spectra/AHT0124.1H/2026-01-13/Spectrum/18-02-27/CELL/AHT0124.00-04_AHT0124.1H_A03-090_CELL_Die52_C1_R-4_20260113180424692.sme,AHT0124.00-04,AHT0124.1H,A03-090,CELL,52,1,-4,11.186,1,0.9934,0,15,391.838,42.5302,51.9045,0.35,24.486,147,260.653,37.8,0.88,1.98,2.425,13.369,40,136.5,30.858,6.5,26.724,37.732,76.4,1.14,3.1,8,42.377,67.439
C:/work/JHICC/20260202/2.   Spectra/FM_Spectra/AHT0124.1H/2026-01-13/Spectrum/18-02-27/CELL/AHT0124.00-04_AHT0124.1H_A03-090_CELL_Die53_C2_R-4_20260113180426792.sme,AHT0124.00-04,AHT0124.1H,A03-090,CELL,53,2,-4,11.291,1,0.9934,0,12,390.0697,42.4867,51.8548,0.35,25.169,147,258.768,37.8,0.88,1.98,2.519,13.137,40,136.5,26.767,6.5,27.06,37.504,76.443,1.14,3.1,8,42.553,65.544
C:/work/JHICC/20260202/2.   Spectra/FM_Spectra/AHT0124.1H/2026-01-13/Spectrum/18-02-27/CELL/AHT0124.00-04_AHT0124.1H_A03-090_CELL_Die54_C2_R-3_20260113180428892.sme,AHT0124.00-04,AHT0124.1H,A03-090,CELL,54,2,-3,11.213,1,0.9934,0,17,407.7086,42.5017,51.8719,0.35,25.107,147,258.333,37.8,0.88,1.98,2.59,13.655,40,136.5,27.986,6.5,27.149,37.796,76.428,1.14,3.1,8,43.51,66.371
C:/work/JHICC/20260202/2.   Spectra/FM_Spectra/AHT0124.1H/2026-01-13/Spectrum/18-02-27/CELL/AHT0124.00-04_AHT0124.1H_A03-090_CELL_Die55_C2_R-2_20260113180430992.sme,AHT0124.00-04,AHT0124.1H,A03-090,CELL,55,2,-2,11.106,1,0.9935,0,9,377.6519,42.4343,51.7951,0.35,25.34,147,258.271,37.8,0.88,1.98,2.522,13.027,40,136.5,25.018,6.5,27.452,37.374,76.496,1.14,3.1,8,41.444,64.448
C:/work/JHICC/20260202/2.   Spectra/FM_Spectra/AHT0124.1H/2026-01-13/Spectrum/18-02-27/CELL/AHT0124.00-04_AHT0124.1H_A03-090_CELL_Die56_C2_R-1_20260113180433092.sme,AHT0124.00-04,AHT0124.1H,A03-090,CELL,56,2,-1,11.21,1,0.9934,0,11,362.3773,42.4123,51.77,0.35,24.987,147,259.159,37.8,0.88,1.98,2.467,12.66,40,136.5,24.236,6.5,27.332,36.985,76.518,1.14,3.1,8,40.22,64.983
C:/work/JHICC/20260202/2.   Spectra/FM_Spectra/AHT0124.1H/2026-01-13/Spectrum/18-02-27/CELL/AHT0124.00-04_AHT0124.1H_A03-090_CELL_Die57_C2_R0_20260113180435191.sme,AHT0124.00-04,AHT0124.1H,A03-090,CELL,57,2,0,10.997,1,0.9935,0,12,362.6761,42.3749,51.7274,0.35,24.824,147,258.781,37.8,0.88,1.98,2.511,12.702,40,136.5,24.737,6.5,27.405,36.792,76.555,1.14,3.1,8,40.132,65.29
C:/work/JHICC/20260202/2.   Spectra/FM_Spectra/AHT0124.1H/2026-01-13/Spectrum/18-02-27/CELL/AHT0124.00-04_AHT0124.1H_A03-090_CELL_Die58_C2_R1_20260113180437292.sme,AHT0124.00-04,AHT0124.1H,A03-090,CELL,58,2,1,11.232,1,0.9934,0,10,387.8521,42.4488,51.8116,0.35,24.898,147,258.576,37.8,0.88,1.98,2.635,12.998,40,136.5,25.233,6.5,27.039,37.21,76.481,1.14,3.1,8,41.715,65.487
C:/work/JHICC/20260202/2.   Spectra/FM_Spectra/AHT0124.1H/2026-01-13/Spectrum/18-02-27/CELL/AHT0124.00-04_AHT0124.1H_A03-090_CELL_Die59_C2_R2_20260113180439392.sme,AHT0124.00-04,AHT0124.1H,A03-090,CELL,59,2,2,11.231,1,0.9934,0,11,409.9752,42.4834,51.8511,0.35,24.526,147,259.794,37.8,0.88,1.98,2.797,13.291,40,136.5,27.173,6.5,26.965,37.55,76.446,1.14,3.1,8,43.334,67.219
C:/work/JHICC/20260202/2.   Spectra/FM_Spectra/AHT0124.1H/2026-01-13/Spectrum/18-02-27/CELL/AHT0124.00-04_AHT0124.1H_A03-090_CELL_Die60_C2_R3_20260113180441494.sme,AHT0124.00-04,AHT0124.1H,A03-090,CELL,60,2,3,11.299,1,0.9934,0,14,410.0068,42.4927,51.8617,0.35,23.866,147,261.592,37.8,0.88,1.98,2.712,13.461,40,136.5,31.055,6.5,26.508,37.721,76.437,1.14,3.1,8,43.26,68.539
C:/work/JHICC/20260202/2.   Spectra/FM_Spectra/AHT0124.1H/2026-01-13/Spectrum/18-02-27/CELL/AHT0124.00-04_AHT0124.1H_A03-090_CELL_Die61_C2_R4_20260113180443591.sme,AHT0124.00-04,AHT0124.1H,A03-090,CELL,61,2,4,11.944,1,0.9933,0,17,405.2532,42.4654,51.8306,0.35,24.052,147,261.231,37.8,0.88,1.98,2.808,12.6,40,136.5,27.73,6.5,26.535,37.183,76.464,1.14,3.1,8,43.369,67.53
C:/work/JHICC/20260202/2.   Spectra/FM_Spectra/AHT0124.1H/2026-01-13/Spectrum/18-02-27/CELL/AHT0124.00-04_AHT0124.1H_A03-090_CELL_Die62_C3_R3_20260113180445691.sme,AHT0124.00-04,AHT0124.1H,A03-090,CELL,62,3,3,11.102,1,0.9935,0,13,415.8803,42.4678,51.8333,0.35,23.702,147,261.775,37.8,0.88,1.98,2.776,13.204,40,136.5,30.764,6.5,26.787,37.55,76.462,1.14,3.1,8,44.07,68.51
C:/work/JHICC/20260202/2.   Spectra/FM_Spectra/AHT0124.1H/2026-01-13/Spectrum/18-02-27/CELL/AHT0124.00-04_AHT0124.1H_A03-090_CELL_Die63_C3_R2_20260113180447791.sme,AHT0124.00-04,AHT0124.1H,A03-090,CELL,63,3,2,10.997,1,0.9935,0,9,419.1394,42.4745,51.8409,0.35,24.354,147,259.913,37.8,0.88,1.98,2.858,13.281,40,136.5,28.538,6.5,27.096,37.612,76.455,1.14,3.1,8,44.209,67.408
C:/work/JHICC/20260202/2.   Spectra/FM_Spectra/AHT0124.1H/2026-01-13/Spectrum/18-02-27/CELL/AHT0124.00-04_AHT0124.1H_A03-090_CELL_Die64_C3_R1_20260113180449891.sme,AHT0124.00-04,AHT0124.1H,A03-090,CELL,64,3,1,10.992,1,0.9935,0,9,394.9451,42.4372,51.7984,0.35,24.724,147,259.051,37.8,0.88,1.98,2.712,13.231,40,136.5,26.269,6.5,27.34,37.457,76.493,1.14,3.1,8,42.384,65.909
C:/work/JHICC/20260202/2.   Spectra/FM_Spectra/AHT0124.1H/2026-01-13/Spectrum/18-02-27/CELL/AHT0124.00-04_AHT0124.1H_A03-090_CELL_Die65_C3_R0_20260113180451991.sme,AHT0124.00-04,AHT0124.1H,A03-090,CELL,65,3,0,10.752,1,0.9935,0,11,367.0478,42.3654,51.7166,0.35,24.779,147,258.765,37.8,0.88,1.98,2.532,12.862,40,136.5,25.361,6.5,27.598,37.024,76.564,1.14,3.1,8,40.563,65.293
C:/work/JHICC/20260202/2.   Spectra/FM_Spectra/AHT0124.1H/2026-01-13/Spectrum/18-02-27/CELL/AHT0124.00-04_AHT0124.1H_A03-090_CELL_Die66_C3_R-1_20260113180454091.sme,AHT0124.00-04,AHT0124.1H,A03-090,CELL,66,3,-1,11.085,1,0.9935,0,11,362.7531,42.3905,51.7452,0.35,25.142,147,258.166,37.8,0.88,1.98,2.441,12.806,40,136.5,24.723,6.5,27.526,37.104,76.539,1.14,3.1,8,40.352,64.54
C:/work/JHICC/20260202/2.   Spectra/FM_Spectra/AHT0124.1H/2026-01-13/Spectrum/18-02-27/CELL/AHT0124.00-04_AHT0124.1H_A03-090_CELL_Die67_C3_R-2_20260113180456191.sme,AHT0124.00-04,AHT0124.1H,A03-090,CELL,67,3,-2,10.98,1,0.9935,0,10,398.4131,42.4776,51.8444,0.35,25.177,147,258.553,37.8,0.88,1.98,2.678,13.261,40,136.5,25.963,6.5,27.344,37.625,76.452,1.14,3.1,8,42.897,65.583
C:/work/JHICC/20260202/2.   Spectra/FM_Spectra/AHT0124.1H/2026-01-13/Spectrum/18-02-27/CELL/AHT0124.00-04_AHT0124.1H_A03-090_CELL_Die68_C3_R-3_20260113180458291.sme,AHT0124.00-04,AHT0124.1H,A03-090,CELL,68,3,-3,10.891,1,0.9935,0,14,413.0396,42.4935,51.8626,0.35,25.062,147,257.851,37.8,0.88,1.98,2.62,13.654,40,136.5,27.499,6.5,27.311,37.614,76.436,1.14,3.1,8,44.092,66.377
C:/work/JHICC/20260202/2.   Spectra/FM_Spectra/AHT0124.1H/2026-01-13/Spectrum/18-02-27/CELL/AHT0124.00-04_AHT0124.1H_A03-090_CELL_Die69_C4_R-3_20260113180500391.sme,AHT0124.00-04,AHT0124.1H,A03-090,CELL,69,4,-3,11.004,1,0.9935,0,14,395.8168,42.4854,51.8533,0.35,26.702,147,254.702,37.8,0.88,1.98,2.654,12.32,40,136.5,20.614,6.5,27.773,37.065,76.444,1.14,3.1,8,44.419,61.865
C:/work/JHICC/20260202/2.   Spectra/FM_Spectra/AHT0124.1H/2026-01-13/Spectrum/18-02-27/CELL/AHT0124.00-04_AHT0124.1H_A03-090_CELL_Die70_C4_R-2_20260113180502490.sme,AHT0124.00-04,AHT0124.1H,A03-090,CELL,70,4,-2,10.732,1,0.9935,0,11,400.2528,42.4496,51.8125,0.35,25.148,147,257.597,37.8,0.88,1.98,2.584,13.315,40,136.5,26.937,6.5,27.46,37.446,76.48,1.14,3.1,8,43.333,65.245
C:/work/JHICC/20260202/2.   Spectra/FM_Spectra/AHT0124.1H/2026-01-13/Spectrum/18-02-27/CELL/AHT0124.00-04_AHT0124.1H_A03-090_CELL_Die71_C4_R-1_20260113180504591.sme,AHT0124.00-04,AHT0124.1H,A03-090,CELL,71,4,-1,10.874,1,0.9935,0,11,394.9653,42.4321,51.7926,0.35,25.021,147,258.236,37.8,0.88,1.98,2.557,13.254,40,136.5,26.576,6.5,27.418,37.387,76.498,1.14,3.1,8,42.882,65.391
C:/work/JHICC/20260202/2.   Spectra/FM_Spectra/AHT0124.1H/2026-01-13/Spectrum/18-02-27/CELL/AHT0124.00-04_AHT0124.1H_A03-090_CELL_Die72_C4_R0_20260113180506690.sme,AHT0124.00-04,AHT0124.1H,A03-090,CELL,72,4,0,10.708,1,0.9935,0,9,396.8599,42.4193,51.778,0.35,24.716,147,258.798,37.8,0.88,1.98,2.68,13.184,40,136.5,26.874,6.5,27.508,37.4,76.51,1.14,3.1,8,42.835,65.77
C:/work/JHICC/20260202/2.   Spectra/FM_Spectra/AHT0124.1H/2026-01-13/Spectrum/18-02-27/CELL/AHT0124.00-04_AHT0124.1H_A03-090_CELL_Die73_C4_R1_20260113180508791.sme,AHT0124.00-04,AHT0124.1H,A03-090,CELL,73,4,1,10.672,1,0.9935,0,10,411.9076,42.4347,51.7956,0.35,24.729,147,258.855,37.8,0.88,1.98,2.775,13.385,40,136.5,27.962,6.5,27.463,37.492,76.495,1.14,3.1,8,44.074,66.203
C:/work/JHICC/20260202/2.   Spectra/FM_Spectra/AHT0124.1H/2026-01-13/Spectrum/18-02-27/CELL/AHT0124.00-04_AHT0124.1H_A03-090_CELL_Die74_C4_R2_20260113180510890.sme,AHT0124.00-04,AHT0124.1H,A03-090,CELL,74,4,2,11.092,1,0.9935,0,15,421.3201,42.4997,51.8696,0.35,24.338,147,259.963,37.8,0.88,1.98,2.838,13.319,40,136.5,28.891,6.5,26.803,37.5,76.43,1.14,3.1,8,44.559,67.512
C:/work/JHICC/20260202/2.   Spectra/FM_Spectra/AHT0124.1H/2026-01-13/Spectrum/18-02-27/CELL/AHT0124.00-04_AHT0124.1H_A03-090_CELL_Die75_C4_R3_20260113180512990.sme,AHT0124.00-04,AHT0124.1H,A03-090,CELL,75,4,3,11.916,1,0.9933,0,16,357.1135,42.3943,51.7495,0.35,24.223,147,260.758,37.8,0.88,1.98,2.589,11.832,40,136.5,24.005,6.5,26.634,36.806,76.536,1.14,3.1,8,39.816,65.372
C:/work/JHICC/20260202/2.   Spectra/FM_Spectra/AHT0124.1H/2026-01-13/Spectrum/18-02-27/CELL/AHT0124.00-04_AHT0124.1H_A03-090_CELL_Die76_C5_R1_20260113180515090.sme,AHT0124.00-04,AHT0124.1H,A03-090,CELL,76,5,1,11.012,1,0.9935,0,15,344.5567,42.3289,51.6749,0.35,24.9,147,258.182,37.8,0.88,1.98,2.389,12.009,40,136.5,24.315,6.5,27.417,36.683,76.601,1.14,3.1,8,39.496,63.185
C:/work/JHICC/20260202/2.   Spectra/FM_Spectra/AHT0124.1H/2026-01-13/Spectrum/18-02-27/CELL/AHT0124.00-04_AHT0124.1H_A03-090_CELL_Die77_C5_R0_20260113180517190.sme,AHT0124.00-04,AHT0124.1H,A03-090,CELL,77,5,0,10.978,1,0.9935,0,10,357.5489,42.3374,51.6846,0.35,24.75,147,258.989,37.8,0.88,1.98,2.454,12.088,40,136.5,24.855,6.5,27.432,36.859,76.592,1.14,3.1,8,40.396,64.417
C:/work/JHICC/20260202/2.   Spectra/FM_Spectra/AHT0124.1H/2026-01-13/Spectrum/18-02-27/CELL/AHT0124.00-04_AHT0124.1H_A03-090_CELL_Die78_C5_R-1_20260113180517219.sme,AHT0124.00-04,AHT0124.1H,A03-090,CELL,78,5,-1,11.513,1,0.9934,0,15,423.245,42.4955,51.8649,0.35,26.254,147,256.46,37.8,0.88,1.98,3.002,12.561,40,136.5,21.625,6.5,27.657,37.255,76.434,1.14,3.1,8,46.393,63.689
C:/work/JHICC/20260202/2.   Spectra/FM_Spectra/1110/BPP0422.10_TD-N19-FM_A03-090_CELL_Die1_C-5_R1_20251028155202483.sme,BPP0422.10,TD-N19-FM,A03-090,CELL,1,-5,1,8.259,1,0.9939,0,16,349.9966,42.3831,51.7368,0.35,26.309,147,257.492,37.8,0.88,1.98,2.172,12.995,40,136.5,27.619,6.5,28.975,39.243,76.547,1.14,3.1,8,39.415,59.274
C:/work/JHICC/20260202/2.   Spectra/FM_Spectra/1110/BPP0422.10_TD-N19-FM_A03-090_CELL_Die2_C-5_R0_20251028155204583.sme,BPP0422.10,TD-N19-FM,A03-090,CELL,2,-5,0,9.452,1,0.9937,0,16,351.7976,42.5298,51.904,0.35,26.018,147,257.768,37.8,0.88,1.98,2.042,13.017,40,136.5,28.925,6.5,27.834,39.503,76.4,1.14,3.1,8,38.619,61.151
C:/work/JHICC/20260202/2.   Spectra/FM_Spectra/1110/BPP0422.10_TD-N19-FM_A03-090_CELL_Die3_C-5_R-1_20251028155206683.sme,BPP0422.10,TD-N19-FM,A03-090,CELL,3,-5,-1,8.479,1,0.9939,0,10,343.7454,42.3744,51.7268,0.35,26.15,147,258.309,37.8,0.88,1.98,2.054,13.016,40,136.5,29.281,6.5,29.191,39.176,76.555,1.14,3.1,8,39.217,60.159
C:/work/JHICC/20260202/2.   Spectra/FM_Spectra/1110/BPP0422.10_TD-N19-FM_A03-090_CELL_Die4_C-4_R-3_20251028155208783.sme,BPP0422.10,TD-N19-FM,A03-090,CELL,4,-4,-3,9.331,1,0.9938,0,16,332.7632,42.5155,51.8877,0.35,26.084,147,258.692,37.8,0.88,1.98,1.921,12.542,40,136.5,27.657,6.5,28.266,39.223,76.414,1.14,3.1,8,37.761,60.552
C:/work/JHICC/20260202/2.   Spectra/FM_Spectra/1110/BPP0422.10_TD-N19-FM_A03-090_CELL_Die5_C-4_R-2_20251028155210883.sme,BPP0422.10,TD-N19-FM,A03-090,CELL,5,-4,-2,8.243,1,0.9939,0,11,380.6156,42.4111,51.7686,0.35,25.418,147,259.038,37.8,0.88,1.98,2.426,13.506,40,136.5,31.659,6.5,28.693,39.369,76.519,1.14,3.1,8,40.963,61.641
C:/work/JHICC/20260202/2.   Spectra/FM_Spectra/1110/BPP0422.10_TD-N19-FM_A03-090_CELL_Die6_C-4_R-1_20251028155212983.sme,BPP0422.10,TD-N19-FM,A03-090,CELL,6,-4,-1,8.516,1,0.9939,0,15,375.6818,42.4228,51.782,0.35,25.943,147,257.283,37.8,0.88,1.98,2.408,13.257,40,136.5,28.889,6.5,28.082,39.321,76.507,1.14,3.1,8,39.988,61.104
C:/work/JHICC/20260202/2.   Spectra/FM_Spectra/1110/BPP0422.10_TD-N19-FM_A03-090_CELL_Die7_C-4_R0_20251028155215083.sme,BPP0422.10,TD-N19-FM,A03-090,CELL,7,-4,0,8.898,1,0.9938,0,17,371.5777,42.4581,51.8222,0.35,25.833,147,257.208,37.8,0.88,1.98,2.375,13.027,40,136.5,28.007,6.5,27.482,39.387,76.472,1.14,3.1,8,39.159,61.508
C:/work/JHICC/20260202/2.   Spectra/FM_Spectra/1110/BPP0422.10_TD-N19-FM_A03-090_CELL_Die8_C-4_R1_20251028155217182.sme,BPP0422.10,TD-N19-FM,A03-090,CELL,8,-4,1,8.323,1,0.9939,0,16,379.4121,42.4268,51.7866,0.35,25.92,147,257.041,37.8,0.88,1.98,2.407,13.254,40,136.5,28.64,6.5,27.943,39.49,76.503,1.14,3.1,8,39.932,61.008
C:/work/JHICC/20260202/2.   Spectra/FM_Spectra/1110/BPP0422.10_TD-N19-FM_A03-090_CELL_Die9_C-4_R2_20251028155219283.sme,BPP0422.10,TD-N19-FM,A03-090,CELL,9,-4,2,7.721,1,0.994,0,13,383.4504,42.389,51.7435,0.35,26.036,147,256.678,37.8,0.88,1.98,2.403,13.603,40,136.5,29.17,6.5,28.685,39.417,76.541,1.14,3.1,8,40.907,60.164
C:/work/JHICC/20260202/2.   Spectra/FM_Spectra/1110/BPP0422.10_TD-N19-FM_A03-090_CELL_Die10_C-3_R3_20251028155221382.sme,BPP0422.10,TD-N19-FM,A03-090,CELL,10,-3,3,7.687,1,0.994,0,14,388.9158,42.4815,51.8489,0.35,26.464,147,254.157,37.8,0.88,1.98,2.303,13.852,40,136.5,28.14,6.5,28.164,39.64,76.448,1.14,3.1,8,40.591,59.472
C:/work/JHICC/20260202/2.   Spectra/FM_Spectra/1110/BPP0422.10_TD-N19-FM_A03-090_CELL_Die11_C-3_R2_20251028155223482.sme,BPP0422.10,TD-N19-FM,A03-090,CELL,11,-3,2,8.271,1,0.9939,0,14,389.772,42.4703,51.8361,0.35,26.28,147,255.34,37.8,0.88,1.98,2.477,13.233,40,136.5,27.179,6.5,27.618,39.572,76.46,1.14,3.1,8,40.195,60.448
C:/work/JHICC/20260202/2.   Spectra/FM_Spectra/1110/BPP0422.10_TD-N19-FM_A03-090_CELL_Die12_C-3_R1_20251028155225583.sme,BPP0422.10,TD-N19-FM,A03-090,CELL,12,-3,1,8.733,1,0.9939,0,16,389.1057,42.4916,51.8604,0.35,26.639,147,255.016,37.8,0.88,1.98,2.642,12.97,40,136.5,25.54,6.5,27.599,39.437,76.438,1.14,3.1,8,40.438,59.821
C:/work/JHICC/20260202/2.   Spectra/FM_Spectra/1110/BPP0422.10_TD-N19-FM_A03-090_CELL_Die13_C-3_R0_20251028155227682.sme,BPP0422.10,TD-N19-FM,A03-090,CELL,13,-3,0,8.741,1,0.9939,0,16,385.0145,42.48,51.8472,0.35,26.556,147,255.51,37.8,0.88,1.98,2.656,12.76,40,136.5,25.234,6.5,27.659,39.181,76.45,1.14,3.1,8,40.435,59.822
C:/work/JHICC/20260202/2.   Spectra/FM_Spectra/1110/BPP0422.10_TD-N19-FM_A03-090_CELL_Die14_C-3_R-1_20251028155229782.sme,BPP0422.10,TD-N19-FM,A03-090,CELL,14,-3,-1,8.617,1,0.9939,0,15,388.5194,42.4779,51.8448,0.35,26.582,147,255.209,37.8,0.88,1.98,2.648,12.992,40,136.5,25.503,6.5,27.695,39.242,76.452,1.14,3.1,8,40.486,59.799
C:/work/JHICC/20260202/2.   Spectra/FM_Spectra/1110/BPP0422.10_TD-N19-FM_A03-090_CELL_Die15_C-3_R-2_20251028155231882.sme,BPP0422.10,TD-N19-FM,A03-090,CELL,15,-3,-2,8.787,1,0.9939,0,16,382.7199,42.4769,51.8437,0.35,25.915,147,256.974,37.8,0.88,1.98,2.446,13.14,40,136.5,28.146,6.5,27.458,39.445,76.453,1.14,3.1,8,39.814,61.344
C:/work/JHICC/20260202/2.   Spectra/FM_Spectra/1110/BPP0422.10_TD-N19-FM_A03-090_CELL_Die16_C-3_R-3_20251028155233982.sme,BPP0422.10,TD-N19-FM,A03-090,CELL,16,-3,-3,8.976,1,0.9938,0,15,376.6205,42.5097,51.8811,0.35,25.352,147,259.403,37.8,0.88,1.98,2.33,13.441,40,136.5,31.514,6.5,27.98,39.435,76.42,1.14,3.1,8,40.206,62.412
C:/work/JHICC/20260202/2.   Spectra/FM_Spectra/1110/BPP0422.10_TD-N19-FM_A03-090_CELL_Die17_C-2_R-4_20251028155236083.sme,BPP0422.10,TD-N19-FM,A03-090,CELL,17,-2,-4,8.873,1,0.9938,0,14,337.6724,42.3835,51.7372,0.35,25.672,147,260.683,37.8,0.88,1.98,2.096,12.487,40,136.5,29.698,6.5,29.148,39.145,76.546,1.14,3.1,8,39.015,61.072
C:/work/JHICC/20260202/2.   Spectra/FM_Spectra/1110/BPP0422.10_TD-N19-FM_A03-090_CELL_Die18_C-2_R-3_20251028155238182.sme,BPP0422.10,TD-N19-FM,A03-090,CELL,18,-2,-3,8.728,1,0.9939,0,11,382.9703,42.4429,51.8049,0.35,25.514,147,258.997,37.8,0.88,1.98,2.49,13.139,40,136.5,29.803,6.5,27.864,39.372,76.487,1.14,3.1,8,40.311,62.043
C:/work/JHICC/20260202/2.   Spectra/FM_Spectra/1110/BPP0422.10_TD-N19-FM_A03-090_CELL_Die19_C-2_R-2_20251028155240282.sme,BPP0422.10,TD-N19-FM,A03-090,CELL,19,-2,-2,8.902,1,0.9938,0,16,387.1685,42.4999,51.8699,0.35,26.244,147,256.071,37.8,0.88,1.98,2.594,12.893,40,136.5,26.406,6.5,27.349,39.283,76.43,1.14,3.1,8,40.23,60.676
C:/work/JHICC/20260202/2.   Spectra/FM_Spectra/1110/BPP0422.10_TD-N19-FM_A03-090_CELL_Die20_C-2_R-1_20251028155242382.sme,BPP0422.10,TD-N19-FM,A03-090,CELL,20,-2,-1,8.59,1,0.9939,0,17,392.983,42.4808,51.8481,0.35,26.344,147,255.677,37.8,0.88,1.98,2.745,12.67,40,136.5,25.198,6.5,27.683,39.127,76.449,1.14,3.1,8,40.989,60.421
C:/work/JHICC/20260202/2.   Spectra/FM_Spectra/1110/BPP0422.10_TD-N19-FM_A03-090_CELL_Die21_C-2_R0_20251028155244482.sme,BPP0422.10,TD-N19-FM,A03-090,CELL,21,-2,0,8.495,1,0.9939,0,8,398.4533,42.5059,51.8768,0.35,26.771,147,254.93,37.8,0.88,1.98,2.822,12.625,40,136.5,24.229,6.5,27.813,39.012,76.424,1.14,3.1,8,41.797,59.683
C:/work/JHICC/20260202/2.   Spectra/FM_Spectra/1110/BPP0422.10_TD-N19-FM_A03-090_CELL_Die22_C-2_R1_20251028155246582.sme,BPP0422.10,TD-N19-FM,A03-090,CELL,22,-2,1,8.529,1,0.9939,0,15,391.4017,42.5208,51.8937,0.35,26.788,147,254.09,37.8,0.88,1.98,2.695,12.893,40,136.5,24.619,6.5,27.608,39.216,76.409,1.14,3.1,8,40.799,59.474
C:/work/JHICC/20260202/2.   Spectra/FM_Spectra/1110/BPP0422.10_TD-N19-FM_A03-090_CELL_Die23_C-2_R2_20251028155248682.sme,BPP0422.10,TD-N19-FM,A03-090,CELL,23,-2,2,7.942,1,0.994,0,16,397.9878,42.4693,51.835,0.35,26.767,147,253.635,37.8,0.88,1.98,2.647,13.161,40,136.5,25.653,6.5,27.96,39.42,76.46,1.14,3.1,8,41.1,59.379
C:/work/JHICC/20260202/2.   Spectra/FM_Spectra/1110/BPP0422.10_TD-N19-FM_A03-090_CELL_Die24_C-2_R3_20251028155250781.sme,BPP0422.10,TD-N19-FM,A03-090,CELL,24,-2,3,7.698,1,0.994,0,12,397.2716,42.4603,51.8248,0.35,26.74,147,254.116,37.8,0.88,1.98,2.498,13.527,40,136.5,27.19,6.5,28.159,39.483,76.469,1.14,3.1,8,41.229,59.155
C:/work/JHICC/20260202/2.   Spectra/FM_Spectra/1110/BPP0422.10_TD-N19-FM_A03-090_CELL_Die25_C-2_R4_20251028155252881.sme,BPP0422.10,TD-N19-FM,A03-090,CELL,25,-2,4,7.784,1,0.994,0,11,342.6696,42.4053,51.7621,0.35,27.842,147,250.982,37.8,0.88,1.98,1.953,13.463,40,136.5,24.789,6.5,29.154,38.96,76.525,1.14,3.1,8,38.93,55.135
C:/work/JHICC/20260202/2.   Spectra/FM_Spectra/1110/BPP0422.10_TD-N19-FM_A03-090_CELL_Die26_C-1_R4_20251028155254982.sme,BPP0422.10,TD-N19-FM,A03-090,CELL,26,-1,4,7.439,1,0.9941,0,11,376.2719,42.3736,51.7259,0.35,26.891,147,252.753,37.8,0.88,1.98,2.245,13.778,40,136.5,27.907,6.5,29.29,39.16,76.556,1.14,3.1,8,40.843,57.605
C:/work/JHICC/20260202/2.   Spectra/FM_Spectra/1110/BPP0422.10_TD-N19-FM_A03-090_CELL_Die27_C-1_R3_20251028155257082.sme,BPP0422.10,TD-N19-FM,A03-090,CELL,27,-1,3,7.775,1,0.994,0,15,406.0622,42.4592,51.8235,0.35,26.646,147,254.08,37.8,0.88,1.98,2.645,13.204,40,136.5,26.739,6.5,28.155,39.371,76.471,1.14,3.1,8,41.949,59.562
C:/work/JHICC/20260202/2.   Spectra/FM_Spectra/1110/BPP0422.10_TD-N19-FM_A03-090_CELL_Die28_C-1_R2_20251028155259181.sme,BPP0422.10,TD-N19-FM,A03-090,CELL,28,-1,2,8.244,1,0.994,0,12,400.0391,42.5058,51.8766,0.35,26.778,147,253.897,37.8,0.88,1.98,2.722,12.953,40,136.5,25.192,6.5,27.871,39.265,76.424,1.14,3.1,8,41.623,59.582
C:/work/JHICC/20260202/2.   Spectra/FM_Spectra/1110/BPP0422.10_TD-N19-FM_A03-090_CELL_Die29_C-1_R1_20251028155301281.sme,BPP0422.10,TD-N19-FM,A03-090,CELL,29,-1,1,8.679,1,0.9939,0,16,404.0847,42.5365,51.9116,0.35,26.885,147,254.311,37.8,0.88,1.98,2.842,12.73,40,136.5,24.832,6.5,27.826,39.058,76.393,1.14,3.1,8,42.281,59.758
C:/work/JHICC/20260202/2.   Spectra/FM_Spectra/1110/BPP0422.10_TD-N19-FM_A03-090_CELL_Die30_C-1_R0_20251028155303382.sme,BPP0422.10,TD-N19-FM,A03-090,CELL,30,-1,0,8.876,1,0.9939,0,16,403.7692,42.4838,51.8515,0.35,26.717,147,255.779,37.8,0.88,1.98,2.925,12.336,40,136.5,24.633,6.5,28.008,38.924,76.446,1.14,3.1,8,42.64,60.062
C:/work/JHICC/20260202/2.   Spectra/FM_Spectra/1110/BPP0422.10_TD-N19-FM_A03-090_CELL_Die31_C-1_R-1_20251028155305481.sme,BPP0422.10,TD-N19-FM,A03-090,CELL,31,-1,-1,8.843,1,0.9939,0,10,414.8094,42.5019,51.8722,0.35,26.438,147,256.694,37.8,0.88,1.98,3.015,12.351,40,136.5,24.756,6.5,27.858,38.931,76.428,1.14,3.1,8,43.234,60.864
C:/work/JHICC/20260202/2.   Spectra/FM_Spectra/1110/BPP0422.10_TD-N19-FM_A03-090_CELL_Die32_C-1_R-2_20251028155307582.sme,BPP0422.10,TD-N19-FM,A03-090,CELL,32,-1,-2,8.758,1,0.9939,0,17,390.0824,42.492,51.8609,0.35,26.116,147,256.077,37.8,0.88,1.98,2.664,12.728,40,136.5,25.804,6.5,27.391,39.178,76.438,1.14,3.1,8,40.476,61.013
C:/work/JHICC/20260202/2.   Spectra/FM_Spectra/1110/BPP0422.10_TD-N19-FM_A03-090_CELL_Die33_C-1_R-3_20251028155309681.sme,BPP0422.10,TD-N19-FM,A03-090,CELL,33,-1,-3,8.776,1,0.9939,0,16,381.4164,42.4726,51.8387,0.35,25.779,147,257.347,37.8,0.88,1.98,2.492,13.076,40,136.5,28.294,6.5,27.517,39.392,76.457,1.14,3.1,8,39.881,61.617
C:/work/JHICC/20260202/2.   Spectra/FM_Spectra/1110/BPP0422.10_TD-N19-FM_A03-090_CELL_Die34_C-1_R-4_20251028155311781.sme,BPP0422.10,TD-N19-FM,A03-090,CELL,34,-1,-4,8.448,1,0.9939,0,15,361.439,42.3724,51.7245,0.35,25.565,147,259.269,37.8,0.88,1.98,2.282,13.105,40,136.5,31.016,6.5,29.208,39.118,76.557,1.14,3.1,8,40.288,61.176
C:/work/JHICC/20260202/2.   Spectra/FM_Spectra/1110/BPP0422.10_TD-N19-FM_A03-090_CELL_Die35_C0_R-4_20251028155313881.sme,BPP0422.10,TD-N19-FM,A03-090,CELL,35,0,-4,8.977,1,0.9938,0,11,365.9585,42.5154,51.8876,0.35,25.986,147,256.626,37.8,0.88,1.98,2.195,13.372,40,136.5,28.968,6.5,28.055,39.301,76.414,1.14,3.1,8,39.429,61.164
C:/work/JHICC/20260202/2.   Spectra/FM_Spectra/1110/BPP0422.10_TD-N19-FM_A03-090_CELL_Die36_C0_R-3_20251028155315981.sme,BPP0422.10,TD-N19-FM,A03-090,CELL,36,0,-3,8.398,1,0.9939,0,16,394.1053,42.4747,51.8412,0.35,26.311,147,255.743,37.8,0.88,1.98,2.61,13.001,40,136.5,26.672,6.5,27.827,39.287,76.455,1.14,3.1,8,41.028,60.4
C:/work/JHICC/20260202/2.   Spectra/FM_Spectra/1110/BPP0422.10_TD-N19-FM_A03-090_CELL_Die37_C0_R-2_20251028155318081.sme,BPP0422.10,TD-N19-FM,A03-090,CELL,37,0,-2,8.669,1,0.9939,0,20,396.5163,42.5394,51.915,0.35,26.442,147,254.795,37.8,0.88,1.98,2.7,12.777,40,136.5,24.982,6.5,27.382,39.199,76.39,1.14,3.1,8,41.098,60.456
C:/work/JHICC/20260202/2.   Spectra/FM_Spectra/1110/BPP0422.10_TD-N19-FM_A03-090_CELL_Die38_C0_R-1_20251028155320181.sme,BPP0422.10,TD-N19-FM,A03-090,CELL,38,0,-1,8.555,1,0.9939,0,10,402.9336,42.4482,51.8109,0.35,26.53,147,255.503,37.8,0.88,1.98,2.906,12.272,40,136.5,24.868,6.5,28.074,38.745,76.482,1.14,3.1,8,42.493,60.182
C:/work/JHICC/20260202/2.   Spectra/FM_Spectra/1110/BPP0422.10_TD-N19-FM_A03-090_CELL_Die39_C0_R0_20251028155322281.sme,BPP0422.10,TD-N19-FM,A03-090,CELL,39,0,0,9.857,1,0.9937,0,14,391.6776,42.5931,51.9762,0.35,26.543,147,253.956,37.8,0.88,1.98,2.696,12.587,40,136.5,24.961,6.5,27.066,39.032,76.337,1.14,3.1,8,40.998,60.979
C:/work/JHICC/20260202/2.   Spectra/FM_Spectra/1110/BPP0422.10_TD-N19-FM_A03-090_CELL_Die40_C0_R1_20251028155324381.sme,BPP0422.10,TD-N19-FM,A03-090,CELL,40,0,1,8.551,1,0.9939,0,14,405.473,42.4774,51.8442,0.35,26.402,147,255.276,37.8,0.88,1.98,2.884,12.532,40,136.5,25.815,6.5,28.007,38.998,76.452,1.14,3.1,8,42.565,60.898
C:/work/JHICC/20260202/2.   Spectra/FM_Spectra/1110/BPP0422.10_TD-N19-FM_A03-090_CELL_Die41_C0_R2_20251028155326481.sme,BPP0422.10,TD-N19-FM,A03-090,CELL,41,0,2,8.599,1,0.9939,0,15,404.1642,42.5425,51.9185,0.35,26.345,147,254.487,37.8,0.88,1.98,2.754,12.911,40,136.5,25.841,6.5,27.467,39.204,76.387,1.14,3.1,8,41.721,61.09
C:/work/JHICC/20260202/2.   Spectra/FM_Spectra/1110/BPP0422.10_TD-N19-FM_A03-090_CELL_Die42_C0_R3_20251028155328580.sme,BPP0422.10,TD-N19-FM,A03-090,CELL,42,0,3,8.311,1,0.9939,0,12,407.2547,42.5082,51.8793,0.35,26.43,147,254.884,37.8,0.88,1.98,2.708,12.924,40,136.5,26.256,6.5,27.748,39.363,76.422,1.14,3.1,8,41.915,60.5
C:/work/JHICC/20260202/2.   Spectra/FM_Spectra/1110/BPP0422.10_TD-N19-FM_A03-090_CELL_Die43_C0_R4_20251028155330680.sme,BPP0422.10,TD-N19-FM,A03-090,CELL,43,0,4,8.642,1,0.9939,0,10,381.5477,42.5574,51.9354,0.35,26.367,147,253.738,37.8,0.88,1.98,2.258,13.682,40,136.5,28.297,6.5,27.865,39.474,76.372,1.14,3.1,8,40.056,60.48
C:/work/JHICC/20260202/2.   Spectra/FM_Spectra/1110/BPP0422.10_TD-N19-FM_A03-090_CELL_Die44_C1_R4_20251028155332781.sme,BPP0422.10,TD-N19-FM,A03-090,CELL,44,1,4,8.038,1,0.994,0,8,377.4851,42.4216,51.7807,0.35,26.289,147,255.103,37.8,0.88,1.98,2.337,13.48,40,136.5,28.694,6.5,28.948,39.228,76.508,1.14,3.1,8,40.815,60.043
C:/work/JHICC/20260202/2.   Spectra/FM_Spectra/1110/BPP0422.10_TD-N19-FM_A03-090_CELL_Die45_C1_R3_20251028155334881.sme,BPP0422.10,TD-N19-FM,A03-090,CELL,45,1,3,8.319,1,0.9939,0,16,409.1661,42.5012,51.8713,0.35,26.022,147,255.873,37.8,0.88,1.98,2.69,13.145,40,136.5,27.975,6.5,27.754,39.424,76.429,1.14,3.1,8,41.943,61.525
C:/work/JHICC/20260202/2.   Spectra/FM_Spectra/1110/BPP0422.10_TD-N19-FM_A03-090_CELL_Die46_C1_R2_20251028155336980.sme,BPP0422.10,TD-N19-FM,A03-090,CELL,46,1,2,8.49,1,0.9939,0,15,409.5805,42.5434,51.9195,0.35,26.282,147,254.744,37.8,0.88,1.98,2.768,12.904,40,136.5,25.977,6.5,27.581,39.251,76.386,1.14,3.1,8,42.125,61.202
C:/work/JHICC/20260202/2.   Spectra/FM_Spectra/1110/BPP0422.10_TD-N19-FM_A03-090_CELL_Die47_C1_R1_20251028155339081.sme,BPP0422.10,TD-N19-FM,A03-090,CELL,47,1,1,8.696,1,0.9939,0,15,415.3496,42.5323,51.9068,0.35,26.384,147,255.521,37.8,0.88,1.98,2.938,12.527,40,136.5,25.118,6.5,27.818,39.035,76.398,1.14,3.1,8,43.198,61.112
C:/work/JHICC/20260202/2.   Spectra/FM_Spectra/1110/BPP0422.10_TD-N19-FM_A03-090_CELL_Die48_C1_R0_20251028155341180.sme,BPP0422.10,TD-N19-FM,A03-090,CELL,48,1,0,8.653,1,0.9939,0,12,396.0763,42.4624,51.8271,0.35,26.55,147,255.19,37.8,0.88,1.98,2.84,12.246,40,136.5,24.57,6.5,28.07,38.777,76.467,1.14,3.1,8,42.026,59.983
C:/work/JHICC/20260202/2.   Spectra/FM_Spectra/1110/BPP0422.10_TD-N19-FM_A03-090_CELL_Die49_C1_R-1_20251028155343281.sme,BPP0422.10,TD-N19-FM,A03-090,CELL,49,1,-1,8.593,1,0.9939,0,11,389.2882,42.473,51.8392,0.35,26.52,147,255.201,37.8,0.88,1.98,2.799,12.224,40,136.5,23.967,6.5,27.909,38.773,76.457,1.14,3.1,8,41.399,59.527
C:/work/JHICC/20260202/2.   Spectra/FM_Spectra/1110/BPP0422.10_TD-N19-FM_A03-090_CELL_Die50_C1_R-2_20251028155345381.sme,BPP0422.10,TD-N19-FM,A03-090,CELL,50,1,-2,8.237,1,0.994,0,13,398.7312,42.5058,51.8766,0.35,26.665,147,254.957,37.8,0.88,1.98,2.736,12.607,40,136.5,24.145,6.5,27.905,39.127,76.424,1.14,3.1,8,41.81,59.275
C:/work/JHICC/20260202/2.   Spectra/FM_Spectra/1110/BPP0422.10_TD-N19-FM_A03-090_CELL_Die51_C1_R-3_20251028155347480.sme,BPP0422.10,TD-N19-FM,A03-090,CELL,51,1,-3,8.303,1,0.9939,0,11,395.1108,42.4731,51.8393,0.35,26.455,147,255.283,37.8,0.88,1.98,2.62,13.025,40,136.5,26.333,6.5,28.022,39.277,76.457,1.14,3.1,8,41.287,59.857
C:/work/JHICC/20260202/2.   Spectra/FM_Spectra/1110/BPP0422.10_TD-N19-FM_A03-090_CELL_Die52_C1_R-4_20251028155349580.sme,BPP0422.10,TD-N19-FM,A03-090,CELL,52,1,-4,8.029,1,0.994,0,11,358.9364,42.3515,51.7007,0.35,26.243,147,256.921,37.8,0.88,1.98,2.243,13.227,40,136.5,28.431,6.5,29.331,38.937,76.578,1.14,3.1,8,40.155,59.332
C:/work/JHICC/20260202/2.   Spectra/FM_Spectra/1110/BPP0422.10_TD-N19-FM_A03-090_CELL_Die53_C2_R-4_20251028155351680.sme,BPP0422.10,TD-N19-FM,A03-090,CELL,53,2,-4,7.423,1,0.9941,0,14,322.7315,42.3003,51.6424,0.35,27.439,147,254.68,37.8,0.88,1.98,1.872,12.399,40,136.5,24.534,6.5,29.566,38.587,76.629,1.14,3.1,8,38.302,55.937
C:/work/JHICC/20260202/2.   Spectra/FM_Spectra/1110/BPP0422.10_TD-N19-FM_A03-090_CELL_Die54_C2_R-3_20251028155353780.sme,BPP0422.10,TD-N19-FM,A03-090,CELL,54,2,-3,7.879,1,0.994,0,11,387.1954,42.4224,51.7816,0.35,26.557,147,255.045,37.8,0.88,1.98,2.541,13.238,40,136.5,26.713,6.5,28.574,39.197,76.507,1.14,3.1,8,41.172,59.305
C:/work/JHICC/20260202/2.   Spectra/FM_Spectra/1110/BPP0422.10_TD-N19-FM_A03-090_CELL_Die55_C2_R-2_20251028155355880.sme,BPP0422.10,TD-N19-FM,A03-090,CELL,55,2,-2,8.048,1,0.994,0,17,396.257,42.4916,51.8604,0.35,26.864,147,254.352,37.8,0.88,1.98,2.719,12.766,40,136.5,24.194,6.5,28.064,39.24,76.438,1.14,3.1,8,41.536,58.818
C:/work/JHICC/20260202/2.   Spectra/FM_Spectra/1110/BPP0422.10_TD-N19-FM_A03-090_CELL_Die56_C2_R-1_20251028155357980.sme,BPP0422.10,TD-N19-FM,A03-090,CELL,56,2,-1,8.265,1,0.9939,0,11,391.1469,42.4996,51.8696,0.35,26.526,147,254.456,37.8,0.88,1.98,2.733,12.469,40,136.5,23.839,6.5,27.819,39.079,76.43,1.14,3.1,8,41.118,59.661
C:/work/JHICC/20260202/2.   Spectra/FM_Spectra/1110/BPP0422.10_TD-N19-FM_A03-090_CELL_Die57_C2_R0_20251028155400080.sme,BPP0422.10,TD-N19-FM,A03-090,CELL,57,2,0,8.338,1,0.9939,0,11,399.3935,42.535,51.9099,0.35,26.509,147,254.057,37.8,0.88,1.98,2.757,12.691,40,136.5,24.258,6.5,27.724,39.084,76.395,1.14,3.1,8,41.64,60.159
C:/work/JHICC/20260202/2.   Spectra/FM_Spectra/1110/BPP0422.10_TD-N19-FM_A03-090_CELL_Die58_C2_R1_20251028155402180.sme,BPP0422.10,TD-N19-FM,A03-090,CELL,58,2,1,8.695,1,0.9939,0,16,406.6915,42.5659,51.9451,0.35,26.257,147,254.566,37.8,0.88,1.98,2.795,12.825,40,136.5,25.291,6.5,27.463,39.331,76.364,1.14,3.1,8,41.82,61.206
C:/work/JHICC/20260202/2.   Spectra/FM_Spectra/1110/BPP0422.10_TD-N19-FM_A03-090_CELL_Die59_C2_R2_20251028155404280.sme,BPP0422.10,TD-N19-FM,A03-090,CELL,59,2,2,8.483,1,0.9939,0,15,411.1818,42.5285,51.9025,0.35,26.068,147,255.342,37.8,0.88,1.98,2.779,13.001,40,136.5,26.65,6.5,27.582,39.326,76.401,1.14,3.1,8,42.052,61.661
C:/work/JHICC/20260202/2.   Spectra/FM_Spectra/1110/BPP0422.10_TD-N19-FM_A03-090_CELL_Die60_C2_R3_20251028155406380.sme,BPP0422.10,TD-N19-FM,A03-090,CELL,60,2,3,8.288,1,0.9939,0,13,402.9205,42.4753,51.8419,0.35,25.667,147,256.968,37.8,0.88,1.98,2.651,13.258,40,136.5,29.15,6.5,27.98,39.402,76.454,1.14,3.1,8,41.699,62.038
C:/work/JHICC/20260202/2.   Spectra/FM_Spectra/1110/BPP0422.10_TD-N19-FM_A03-090_CELL_Die61_C2_R4_20251028155408480.sme,BPP0422.10,TD-N19-FM,A03-090,CELL,61,2,4,8.233,1,0.9939,0,18,352.2079,42.4499,51.8128,0.35,26.925,147,254.675,37.8,0.88,1.98,2.141,12.673,40,136.5,25.276,6.5,28.959,39.071,76.48,1.14,3.1,8,39.417,58.302
C:/work/JHICC/20260202/2.   Spectra/FM_Spectra/1110/BPP0422.10_TD-N19-FM_A03-090_CELL_Die62_C3_R3_20251028155410580.sme,BPP0422.10,TD-N19-FM,A03-090,CELL,62,3,3,8.465,1,0.9939,0,10,390.0511,42.4883,51.8567,0.35,25.501,147,257.305,37.8,0.88,1.98,2.512,13.236,40,136.5,29.077,6.5,28.131,39.424,76.441,1.14,3.1,8,41.022,62.454
C:/work/JHICC/20260202/2.   Spectra/FM_Spectra/1110/BPP0422.10_TD-N19-FM_A03-090_CELL_Die63_C3_R2_20251028155412680.sme,BPP0422.10,TD-N19-FM,A03-090,CELL,63,3,2,8.375,1,0.9939,0,13,402.2927,42.5084,51.8795,0.35,25.502,147,256.628,37.8,0.88,1.98,2.66,13.136,40,136.5,28.327,6.5,27.496,39.309,76.421,1.14,3.1,8,41.191,62.705
C:/work/JHICC/20260202/2.   Spectra/FM_Spectra/1110/BPP0422.10_TD-N19-FM_A03-090_CELL_Die64_C3_R1_20251028155414779.sme,BPP0422.10,TD-N19-FM,A03-090,CELL,64,3,1,8.44,1,0.9939,0,16,410.3201,42.5327,51.9072,0.35,26.2,147,255.008,37.8,0.88,1.98,2.801,12.983,40,136.5,25.876,6.5,27.661,39.334,76.397,1.14,3.1,8,42.012,61.276
C:/work/JHICC/20260202/2.   Spectra/FM_Spectra/1110/BPP0422.10_TD-N19-FM_A03-090_CELL_Die65_C3_R0_20251028155416880.sme,BPP0422.10,TD-N19-FM,A03-090,CELL,65,3,0,8.538,1,0.9939,0,16,397.3612,42.539,51.9145,0.35,26.427,147,254.292,37.8,0.88,1.98,2.706,12.831,40,136.5,24.821,6.5,27.609,39.316,76.391,1.14,3.1,8,41.232,60.245
C:/work/JHICC/20260202/2.   Spectra/FM_Spectra/1110/BPP0422.10_TD-N19-FM_A03-090_CELL_Die66_C3_R-1_20251028155418980.sme,BPP0422.10,TD-N19-FM,A03-090,CELL,66,3,-1,8.347,1,0.9939,0,14,392.836,42.5159,51.8882,0.35,26.602,147,254.575,37.8,0.88,1.98,2.702,12.799,40,136.5,24.381,6.5,27.766,39.288,76.414,1.14,3.1,8,41.01,59.62
C:/work/JHICC/20260202/2.   Spectra/FM_Spectra/1110/BPP0422.10_TD-N19-FM_A03-090_CELL_Die67_C3_R-2_20251028155421383.sme,BPP0422.10,TD-N19-FM,A03-090,CELL,67,3,-2,8.197,1,0.994,0,16,391.1868,42.4934,51.8624,0.35,26.626,147,254.847,37.8,0.88,1.98,2.617,12.952,40,136.5,25.325,6.5,27.973,39.293,76.436,1.14,3.1,8,40.994,59.548
C:/work/JHICC/20260202/2.   Spectra/FM_Spectra/1110/BPP0422.10_TD-N19-FM_A03-090_CELL_Die68_C3_R-3_20251028155423530.sme,BPP0422.10,TD-N19-FM,A03-090,CELL,68,3,-3,8.319,1,0.9939,0,14,365.1178,42.4798,51.8469,0.35,26.684,147,254.286,37.8,0.88,1.98,2.216,13.383,40,136.5,26.75,6.5,28.504,39.155,76.45,1.14,3.1,8,39.666,59.382
C:/work/JHICC/20260202/2.   Spectra/FM_Spectra/1110/BPP0422.10_TD-N19-FM_A03-090_CELL_Die69_C4_R-3_20251028155425630.sme,BPP0422.10,TD-N19-FM,A03-090,CELL,69,4,-3,8.668,1,0.9939,0,22,366.8979,42.4864,51.8545,0.35,28.573,147,253.854,37.8,0.88,1.98,2.066,12.083,40,136.5,19.954,6.5,28.671,39.121,76.443,1.14,3.1,8,40.283,58.784
C:/work/JHICC/20260202/2.   Spectra/FM_Spectra/1110/BPP0422.10_TD-N19-FM_A03-090_CELL_Die70_C4_R-2_20251028155427729.sme,BPP0422.10,TD-N19-FM,A03-090,CELL,70,4,-2,7.812,1,0.994,0,14,366.8928,42.3782,51.7311,0.35,26.378,147,255.555,37.8,0.88,1.98,2.357,13.284,40,136.5,27.077,6.5,29.012,39.002,76.552,1.14,3.1,8,40.211,59.46
C:/work/JHICC/20260202/2.   Spectra/FM_Spectra/1110/BPP0422.10_TD-N19-FM_A03-090_CELL_Die71_C4_R-1_20251028155429829.sme,BPP0422.10,TD-N19-FM,A03-090,CELL,71,4,-1,8.02,1,0.994,0,14,391.1408,42.4728,51.839,0.35,26.23,147,255.553,37.8,0.88,1.98,2.546,13.204,40,136.5,26.633,6.5,28.188,39.246,76.457,1.14,3.1,8,41.114,60.318
C:/work/JHICC/20260202/2.   Spectra/FM_Spectra/1110/BPP0422.10_TD-N19-FM_A03-090_CELL_Die72_C4_R0_20251028155431929.sme,BPP0422.10,TD-N19-FM,A03-090,CELL,72,4,0,8.488,1,0.9939,0,12,390.4355,42.5309,51.9052,0.35,26.164,147,254.482,37.8,0.88,1.98,2.523,13.181,40,136.5,26.333,6.5,27.469,39.324,76.399,1.14,3.1,8,40.36,60.997
C:/work/JHICC/20260202/2.   Spectra/FM_Spectra/1110/BPP0422.10_TD-N19-FM_A03-090_CELL_Die73_C4_R1_20251028155434029.sme,BPP0422.10,TD-N19-FM,A03-090,CELL,73,4,1,8.06,1,0.994,0,12,405.6606,42.4695,51.8352,0.35,25.679,147,256.793,37.8,0.88,1.98,2.687,13.179,40,136.5,28.171,6.5,28.091,39.307,76.46,1.14,3.1,8,41.973,62.012
C:/work/JHICC/20260202/2.   Spectra/FM_Spectra/1110/BPP0422.10_TD-N19-FM_A03-090_CELL_Die74_C4_R2_20251028155436129.sme,BPP0422.10,TD-N19-FM,A03-090,CELL,74,4,2,7.938,1,0.994,0,11,394.6607,42.42,51.7787,0.35,25.567,147,257.522,37.8,0.88,1.98,2.626,13.19,40,136.5,28.422,6.5,28.563,39.161,76.51,1.14,3.1,8,41.767,61.928
C:/work/JHICC/20260202/2.   Spectra/FM_Spectra/1110/BPP0422.10_TD-N19-FM_A03-090_CELL_Die75_C4_R3_20251028155438229.sme,BPP0422.10,TD-N19-FM,A03-090,CELL,75,4,3,8.146,1,0.994,0,25,337.6314,42.4657,51.8309,0.35,27.322,147,254.851,37.8,0.88,1.98,1.958,11.617,40,136.5,20.684,6.5,28.325,39.083,76.464,1.14,3.1,8,38.411,58.054
C:/work/JHICC/20260202/2.   Spectra/FM_Spectra/1110/BPP0422.10_TD-N19-FM_A03-090_CELL_Die76_C5_R1_20251028155440329.sme,BPP0422.10,TD-N19-FM,A03-090,CELL,76,5,1,7.245,1,0.9941,0,7,336.1702,42.3115,51.6552,0.35,26.914,147,255.51,37.8,0.88,1.98,2.094,11.779,40,136.5,22.664,6.5,29.174,38.62,76.618,1.14,3.1,8,39.188,57.066
C:/work/JHICC/20260202/2.   Spectra/FM_Spectra/1110/BPP0422.10_TD-N19-FM_A03-090_CELL_Die77_C5_R0_20251028155442429.sme,BPP0422.10,TD-N19-FM,A03-090,CELL,77,5,0,8.435,1,0.9939,0,17,358.3089,42.5559,51.9338,0.35,26.904,147,253.762,37.8,0.88,1.98,2.199,12.622,40,136.5,23.637,6.5,28.152,38.996,76.374,1.14,3.1,8,39.245,57.943
C:/work/JHICC/20260202/2.   Spectra/FM_Spectra/1110/BPP0422.10_TD-N19-FM_A03-090_CELL_Die78_C5_R-1_20251028155442452.sme,BPP0422.10,TD-N19-FM,A03-090,CELL,78,5,-1,7.232,1,0.9941,0,12,336.4623,42.3503,51.6994,0.35,27.522,147,253.901,37.8,0.88,1.98,1.991,12.08,40,136.5,22.586,6.5,29.284,38.526,76.58,1.14,3.1,8,38.854,55.847
