Cur SME File Path,Wafer ID,Lot ID,Tool SN,PAD Name,Die Seq,FIELD X,FIELD Y,Seq,X(mm),Y(mm),Logical ID,MSE,GOF,NGOF,LBH,fitTime,regIter,Top_OX_HT,M14_EMARatio_m2,TEOX_THK,NDC_THK,TEOS_THK,Top_OX_Height,M1_TCD,Cu_Height,TaN_SPA,M1_ratio,M1_MCDoff,M1_BCDoff
C:/Users/JC1913/Desktop/JC/Jinhua/M1/2.Spectrum/match_Nova_NoOutlier/wafer01_Lot01_A12-101_2026-8-12-18-19-4_Die1_C-3_R4_20260812182735843.sme,wafer01,Lot01,A12-101,2026-8-12-18-19-4,1,-3,4,1*1*1,-50.4669,121.801,ca5cd0f87eba4fe7b963941590cf11ca,3.677,1,0.9946,0,13,7,110.2869,0.543,507,47.978,14,110.287,79.912,207.361,3.7,0.5,17.719,35
C:/Users/JC1913/Desktop/JC/Jinhua/M1/2.Spectrum/match_Nova_NoOutlier/wafer01_Lot01_A12-101_2026-8-12-18-19-4_Die3_C-1_R4_20260812182737443.sme,wafer01,Lot01,A12-101,2026-8-12-18-19-4,3,-1,4,3*1*1,-11.7923,121.801,ca5cd0f87eba4fe7b963941590cf11ca,3.612,1,0.9946,0,12,8,117.5252,0.476,507,50.909,14,117.525,77.894,218.971,3.7,0.5,18.807,35
C:/Users/JC1913/Desktop/JC/Jinhua/M1/2.Spectrum/match_Nova_NoOutlier/wafer01_Lot01_A12-101_2026-8-12-18-19-4_Die5_C1_R4_20260812182738992.sme,wafer01,Lot01,A12-101,2026-8-12-18-19-4,5,1,4,5*1*1,26.8823,121.801,ca5cd0f87eba4fe7b963941590cf11ca,3.825,1,0.9946,0,13,9,119.2456,0.325,507,49.084,14,119.246,79.883,223.101,3.7,0.5,17.801,35
C:/Users/JC1913/Desktop/JC/Jinhua/M1/2.Spectrum/match_Nova_NoOutlier/wafer01_Lot01_A12-101_2026-8-12-18-19-4_Die6_C2_R4_20260812182739790.sme,wafer01,Lot01,A12-101,2026-8-12-18-19-4,6,2,4,6*1*1,46.2195,121.801,ca5cd0f87eba4fe7b963941590cf11ca,3.593,1,0.9946,0,15,9,116.294,0.317,507,47.477,14,116.294,81.464,217.044,3.7,0.5,19.1,35
C:/Users/JC1913/Desktop/JC/Jinhua/M1/2.Spectrum/match_Nova_NoOutlier/wafer01_Lot01_A12-101_2026-8-12-18-19-4_Die8_C3_R3_20260812182741289.sme,wafer01,Lot01,A12-101,2026-8-12-18-19-4,8,3,3,8*1*1,65.5568,93.2695,ca5cd0f87eba4fe7b963941590cf11ca,3.978,1,0.9946,0,15,16,118.6171,0.277,507,47.472,14,118.617,80.561,217.684,3.7,0.5,19.218,35
C:/Users/JC1913/Desktop/JC/Jinhua/M1/2.Spectrum/match_Nova_NoOutlier/wafer01_Lot01_A12-101_2026-8-12-18-19-4_Die9_C2_R3_20260812182742040.sme,wafer01,Lot01,A12-101,2026-8-12-18-19-4,9,2,3,9*1*1,46.2195,93.2695,ca5cd0f87eba4fe7b963941590cf11ca,4.816,1,0.9945,0,13,8,105.8592,0.386,507,49.793,14,105.859,79.394,202.511,3.7,0.5,18.357,35
C:/Users/JC1913/Desktop/JC/Jinhua/M1/2.Spectrum/match_Nova_NoOutlier/wafer01_Lot01_A12-101_2026-8-12-18-19-4_Die10_C1_R3_20260812182742790.sme,wafer01,Lot01,A12-101,2026-8-12-18-19-4,10,1,3,10*1*1,26.8823,93.2695,ca5cd0f87eba4fe7b963941590cf11ca,4.386,1,0.9945,0,14,8,109.6195,0.231,507,48.773,14,109.619,80.39,207.45,3.7,0.5,17.862,35
C:/Users/JC1913/Desktop/JC/Jinhua/M1/2.Spectrum/match_Nova_NoOutlier/wafer01_Lot01_A12-101_2026-8-12-18-19-4_Die11_C0_R3_20260812182743540.sme,wafer01,Lot01,A12-101,2026-8-12-18-19-4,11,0,3,11*1*1,7.545,93.2695,ca5cd0f87eba4fe7b963941590cf11ca,4.047,1,0.9946,0,16,8,115.0741,0.212,507,47.515,14,115.074,81.096,212.941,3.7,0.5,18.159,35
C:/Users/JC1913/Desktop/JC/Jinhua/M1/2.Spectrum/match_Nova_NoOutlier/wafer01_Lot01_A12-101_2026-8-12-18-19-4_Die12_C-1_R3_20260812182744289.sme,wafer01,Lot01,A12-101,2026-8-12-18-19-4,12,-1,3,12*1*1,-11.7923,93.2695,ca5cd0f87eba4fe7b963941590cf11ca,3.831,1,0.9946,0,14,7,113.1008,0.249,507,48.998,14,113.101,80.755,211.362,3.7,0.5,17.704,35
C:/Users/JC1913/Desktop/JC/Jinhua/M1/2.Spectrum/match_Nova_NoOutlier/wafer01_Lot01_A12-101_2026-8-12-18-19-4_Die13_C-2_R3_20260812182745041.sme,wafer01,Lot01,A12-101,2026-8-12-18-19-4,13,-2,3,13*1*1,-31.1296,93.2695,ca5cd0f87eba4fe7b963941590cf11ca,4.887,1,0.9945,0,14,7,108.6308,0.382,507,48.072,14,108.631,79.527,204.428,3.7,0.5,17.216,35
C:/Users/JC1913/Desktop/JC/Jinhua/M1/2.Spectrum/match_Nova_NoOutlier/wafer01_Lot01_A12-101_2026-8-12-18-19-4_Die14_C-3_R3_20260812182745791.sme,wafer01,Lot01,A12-101,2026-8-12-18-19-4,14,-3,3,14*1*1,-50.4669,93.2695,ca5cd0f87eba4fe7b963941590cf11ca,3.661,1,0.9946,0,14,6,109.6955,0.527,507,50.254,14,109.695,79.218,206.401,3.7,0.5,17.368,35
C:/Users/JC1913/Desktop/JC/Jinhua/M1/2.Spectrum/match_Nova_NoOutlier/wafer01_Lot01_A12-101_2026-8-12-18-19-4_Die15_C-4_R3_20260812182746538.sme,wafer01,Lot01,A12-101,2026-8-12-18-19-4,15,-4,3,15*1*1,-69.8042,93.2695,ca5cd0f87eba4fe7b963941590cf11ca,3.657,1,0.9946,0,16,15,115.5303,0.361,507,49.863,14,115.53,80.38,215.037,3.7,0.5,18.171,35
C:/Users/JC1913/Desktop/JC/Jinhua/M1/2.Spectrum/match_Nova_NoOutlier/wafer01_Lot01_A12-101_2026-8-12-18-19-4_Die16_C-5_R3_20260812182747289.sme,wafer01,Lot01,A12-101,2026-8-12-18-19-4,16,-5,3,16*1*1,-89.1415,93.2695,ca5cd0f87eba4fe7b963941590cf11ca,3.797,1,0.9946,0,12,7,114.7339,0.523,507,50.415,14,114.734,80.293,209.976,3.7,0.5,17.138,35
C:/Users/JC1913/Desktop/JC/Jinhua/M1/2.Spectrum/match_Nova_NoOutlier/wafer01_Lot01_A12-101_2026-8-12-18-19-4_Die17_C-6_R2_20260812182748041.sme,wafer01,Lot01,A12-101,2026-8-12-18-19-4,17,-6,2,17*1*1,-108.479,64.738,ca5cd0f87eba4fe7b963941590cf11ca,3.476,1,0.9946,0,13,10,119.9308,0.131,507,44.502,14,119.931,82.601,220.027,3.7,0.5,15.33,35
C:/Users/JC1913/Desktop/JC/Jinhua/M1/2.Spectrum/match_Nova_NoOutlier/wafer01_Lot01_A12-101_2026-8-12-18-19-4_Die18_C-5_R2_20260812182748790.sme,wafer01,Lot01,A12-101,2026-8-12-18-19-4,18,-5,2,18*1*1,-89.1415,64.738,ca5cd0f87eba4fe7b963941590cf11ca,3.379,1,0.9947,0,13,5,111.9812,0.246,507,46.746,14,111.981,81.316,207.644,3.7,0.5,15.834,35
C:/Users/JC1913/Desktop/JC/Jinhua/M1/2.Spectrum/match_Nova_NoOutlier/wafer01_Lot01_A12-101_2026-8-12-18-19-4_Die19_C-4_R2_20260812182749540.sme,wafer01,Lot01,A12-101,2026-8-12-18-19-4,19,-4,2,19*1*1,-69.8042,64.738,ca5cd0f87eba4fe7b963941590cf11ca,4.784,1,0.9945,0,14,5,108.1075,0.339,507,47.582,14,108.108,79.731,203.709,3.7,0.5,15.938,35
C:/Users/JC1913/Desktop/JC/Jinhua/M1/2.Spectrum/match_Nova_NoOutlier/wafer01_Lot01_A12-101_2026-8-12-18-19-4_Die20_C-3_R2_20260812182750291.sme,wafer01,Lot01,A12-101,2026-8-12-18-19-4,20,-3,2,20*1*1,-50.4669,64.738,ca5cd0f87eba4fe7b963941590cf11ca,3.547,1,0.9946,0,15,15,121.738,0.224,507,47.047,14,121.738,80.971,220.989,3.7,0.5,16.653,35
C:/Users/JC1913/Desktop/JC/Jinhua/M1/2.Spectrum/match_Nova_NoOutlier/wafer01_Lot01_A12-101_2026-8-12-18-19-4_Die22_C-1_R2_20260812182751839.sme,wafer01,Lot01,A12-101,2026-8-12-18-19-4,22,-1,2,22*1*1,-11.7923,64.738,ca5cd0f87eba4fe7b963941590cf11ca,3.868,1,0.9946,0,15,10,121.641,0.082,507,46.741,14,121.641,80.782,220.47,3.7,0.5,14.6,35
C:/Users/JC1913/Desktop/JC/Jinhua/M1/2.Spectrum/match_Nova_NoOutlier/wafer01_Lot01_A12-101_2026-8-12-18-19-4_Die23_C0_R2_20260812182752591.sme,wafer01,Lot01,A12-101,2026-8-12-18-19-4,23,0,2,23*1*1,7.545,64.738,ca5cd0f87eba4fe7b963941590cf11ca,4.032,1,0.9946,0,16,11,122.8984,0.084,507,45.772,14,122.898,80.667,221.967,3.7,0.5,15.221,35
C:/Users/JC1913/Desktop/JC/Jinhua/M1/2.Spectrum/match_Nova_NoOutlier/wafer01_Lot01_A12-101_2026-8-12-18-19-4_Die24_C1_R2_20260812182753338.sme,wafer01,Lot01,A12-101,2026-8-12-18-19-4,24,1,2,24*1*1,26.8823,64.738,ca5cd0f87eba4fe7b963941590cf11ca,3.707,1,0.9946,0,13,8,121.2819,0.162,507,49.712,14,121.282,79.998,221.891,3.7,0.5,16.244,35
C:/Users/JC1913/Desktop/JC/Jinhua/M1/2.Spectrum/match_Nova_NoOutlier/wafer01_Lot01_A12-101_2026-8-12-18-19-4_Die25_C2_R2_20260812182754386.sme,wafer01,Lot01,A12-101,2026-8-12-18-19-4,25,2,2,25*1*1,46.2195,64.738,ca5cd0f87eba4fe7b963941590cf11ca,4.296,1,0.9945,0,14,8,123.3082,0.087,507,48.271,14,123.308,80.028,228.432,3.7,0.5,14.617,35
C:/Users/JC1913/Desktop/JC/Jinhua/M1/2.Spectrum/match_Nova_NoOutlier/wafer01_Lot01_A12-101_2026-8-12-18-19-4_Die26_C3_R2_20260812182755090.sme,wafer01,Lot01,A12-101,2026-8-12-18-19-4,26,3,2,26*1*1,65.5568,64.738,ca5cd0f87eba4fe7b963941590cf11ca,4.615,1,0.9945,0,14,8,114.1119,0.222,507,49.338,14,114.112,79.834,211.695,3.7,0.5,18.039,35
C:/Users/JC1913/Desktop/JC/Jinhua/M1/2.Spectrum/match_Nova_NoOutlier/wafer01_Lot01_A12-101_2026-8-12-18-19-4_Die27_C4_R2_20260812182755986.sme,wafer01,Lot01,A12-101,2026-8-12-18-19-4,27,4,2,27*1*1,84.8941,64.738,ca5cd0f87eba4fe7b963941590cf11ca,5.793,1,0.9944,0,20,9,107.6228,0.19,507,45.504,14,107.623,80.261,204.489,3.7,0.5,17.966,35
C:/Users/JC1913/Desktop/JC/Jinhua/M1/2.Spectrum/match_Nova_NoOutlier/wafer01_Lot01_A12-101_2026-8-12-18-19-4_Die28_C5_R2_20260812182756739.sme,wafer01,Lot01,A12-101,2026-8-12-18-19-4,28,5,2,28*1*1,104.2314,64.738,ca5cd0f87eba4fe7b963941590cf11ca,4.055,1,0.9946,0,15,5,117.0498,0.215,507,46.574,14,117.05,79.298,215.583,3.7,0.5,17.575,35
C:/Users/JC1913/Desktop/JC/Jinhua/M1/2.Spectrum/match_Nova_NoOutlier/wafer01_Lot01_A12-101_2026-8-12-18-19-4_Die29_C6_R1_20260812182757490.sme,wafer01,Lot01,A12-101,2026-8-12-18-19-4,29,6,1,29*1*1,123.5687,36.2064,ca5cd0f87eba4fe7b963941590cf11ca,3.678,1,0.9946,0,13,7,111.6662,0.285,507,45.677,14,111.666,81.133,210.44,3.7,0.5,16.612,35
C:/Users/JC1913/Desktop/JC/Jinhua/M1/2.Spectrum/match_Nova_NoOutlier/wafer01_Lot01_A12-101_2026-8-12-18-19-4_Die30_C5_R1_20260812182758238.sme,wafer01,Lot01,A12-101,2026-8-12-18-19-4,30,5,1,30*1*1,104.2314,36.2064,ca5cd0f87eba4fe7b963941590cf11ca,5.591,1,0.9944,0,15,8,108.6702,0.201,507,43.446,14,108.67,80.069,205.956,3.7,0.5,16.54,35
C:/Users/JC1913/Desktop/JC/Jinhua/M1/2.Spectrum/match_Nova_NoOutlier/wafer01_Lot01_A12-101_2026-8-12-18-19-4_Die31_C4_R1_20260812182758985.sme,wafer01,Lot01,A12-101,2026-8-12-18-19-4,31,4,1,31*1*1,84.8941,36.2064,ca5cd0f87eba4fe7b963941590cf11ca,4.364,1,0.9945,0,15,8,115.6281,0.197,507,47.034,14,115.628,80.281,213.185,3.7,0.5,17.589,35
C:/Users/JC1913/Desktop/JC/Jinhua/M1/2.Spectrum/match_Nova_NoOutlier/wafer01_Lot01_A12-101_2026-8-12-18-19-4_Die32_C3_R1_20260812182759685.sme,wafer01,Lot01,A12-101,2026-8-12-18-19-4,32,3,1,32*1*1,65.5568,36.2064,ca5cd0f87eba4fe7b963941590cf11ca,4.586,1,0.9945,0,20,7,127.251,0.019,507,43.057,14,127.251,80.24,222.227,3.7,0.5,15.086,35
C:/Users/JC1913/Desktop/JC/Jinhua/M1/2.Spectrum/match_Nova_NoOutlier/wafer01_Lot01_A12-101_2026-8-12-18-19-4_Die33_C2_R1_20260812182800685.sme,wafer01,Lot01,A12-101,2026-8-12-18-19-4,33,2,1,33*1*1,46.2195,36.2064,ca5cd0f87eba4fe7b963941590cf11ca,4.337,1,0.9945,0,19,14,124.2324,0.081,507,45.492,14,124.232,79.463,220.825,3.7,0.5,14.891,35
C:/Users/JC1913/Desktop/JC/Jinhua/M1/2.Spectrum/match_Nova_NoOutlier/wafer01_Lot01_A12-101_2026-8-12-18-19-4_Die34_C1_R1_20260812182801437.sme,wafer01,Lot01,A12-101,2026-8-12-18-19-4,34,1,1,34*1*1,26.8823,36.2064,ca5cd0f87eba4fe7b963941590cf11ca,6.008,1,0.9943,0,32,60,114.428,0.058,507,47.203,14,114.428,79.726,213.484,3.7,0.5,18.797,35
C:/Users/JC1913/Desktop/JC/Jinhua/M1/2.Spectrum/match_Nova_NoOutlier/wafer01_Lot01_A12-101_2026-8-12-18-19-4_Die35_C0_R1_20260812182802188.sme,wafer01,Lot01,A12-101,2026-8-12-18-19-4,35,0,1,35*1*1,7.545,36.2064,ca5cd0f87eba4fe7b963941590cf11ca,6.359,1,0.9943,0,18,13,113.6171,0.196,507,48.623,14,113.617,78.309,213.507,3.7,0.5,19.689,35
C:/Users/JC1913/Desktop/JC/Jinhua/M1/2.Spectrum/match_Nova_NoOutlier/wafer01_Lot01_A12-101_2026-8-12-18-19-4_Die36_C-1_R1_20260812182802936.sme,wafer01,Lot01,A12-101,2026-8-12-18-19-4,36,-1,1,36*1*1,-11.7923,36.2064,ca5cd0f87eba4fe7b963941590cf11ca,6.088,1,0.9943,0,28,22,116.8523,0.058,507,45.813,14,116.852,80.014,216.846,3.7,0.5,18.897,35
C:/Users/JC1913/Desktop/JC/Jinhua/M1/2.Spectrum/match_Nova_NoOutlier/wafer01_Lot01_A12-101_2026-8-12-18-19-4_Die37_C-2_R1_20260812182803687.sme,wafer01,Lot01,A12-101,2026-8-12-18-19-4,37,-2,1,37*1*1,-31.1296,36.2064,ca5cd0f87eba4fe7b963941590cf11ca,3.671,1,0.9946,0,14,11,119.9127,0.192,507,47.375,14,119.913,79.991,218.261,3.7,0.5,16.169,35
C:/Users/JC1913/Desktop/JC/Jinhua/M1/2.Spectrum/match_Nova_NoOutlier/wafer01_Lot01_A12-101_2026-8-12-18-19-4_Die38_C-3_R1_20260812182804436.sme,wafer01,Lot01,A12-101,2026-8-12-18-19-4,38,-3,1,38*1*1,-50.4669,36.2064,ca5cd0f87eba4fe7b963941590cf11ca,3.353,1,0.9947,0,15,11,121.3477,0.078,507,47.1,14,121.348,81.056,218.341,3.7,0.5,12.401,35
C:/Users/JC1913/Desktop/JC/Jinhua/M1/2.Spectrum/match_Nova_NoOutlier/wafer01_Lot01_A12-101_2026-8-12-18-19-4_Die39_C-4_R1_20260812182805138.sme,wafer01,Lot01,A12-101,2026-8-12-18-19-4,39,-4,1,39*1*1,-69.8042,36.2064,ca5cd0f87eba4fe7b963941590cf11ca,3.357,1,0.9947,0,31,5,122.0198,0.019,507,44.412,14,122.02,81.949,214.82,3.7,0.5,13.63,35
C:/Users/JC1913/Desktop/JC/Jinhua/M1/2.Spectrum/match_Nova_NoOutlier/wafer01_Lot01_A12-101_2026-8-12-18-19-4_Die40_C-5_R1_20260812182805887.sme,wafer01,Lot01,A12-101,2026-8-12-18-19-4,40,-5,1,40*1*1,-89.1415,36.2064,ca5cd0f87eba4fe7b963941590cf11ca,5.49,1,0.9944,0,15,7,109.684,0.245,507,42.444,14,109.684,79.63,204.059,3.7,0.5,14.243,35
C:/Users/JC1913/Desktop/JC/Jinhua/M1/2.Spectrum/match_Nova_NoOutlier/wafer01_Lot01_A12-101_2026-8-12-18-19-4_Die41_C-6_R1_20260812182806638.sme,wafer01,Lot01,A12-101,2026-8-12-18-19-4,41,-6,1,41*1*1,-108.479,36.2064,ca5cd0f87eba4fe7b963941590cf11ca,2.841,1,0.9947,0,16,8,116.1177,0.269,507,47.839,14,116.118,81.318,210.725,3.7,0.5,15.632,35
C:/Users/JC1913/Desktop/JC/Jinhua/M1/2.Spectrum/match_Nova_NoOutlier/wafer01_Lot01_A12-101_2026-8-12-18-19-4_Die42_C-7_R1_20260812182807388.sme,wafer01,Lot01,A12-101,2026-8-12-18-19-4,42,-7,1,42*1*1,-127.816,36.2064,ca5cd0f87eba4fe7b963941590cf11ca,3.274,1,0.9947,0,14,7,113.952,0.205,507,42.384,14,113.952,83.04,209.986,3.7,0.5,16.294,35
C:/Users/JC1913/Desktop/JC/Jinhua/M1/2.Spectrum/match_Nova_NoOutlier/wafer01_Lot01_A12-101_2026-8-12-18-19-4_Die44_C-6_R0_20260812182808886.sme,wafer01,Lot01,A12-101,2026-8-12-18-19-4,44,-6,0,44*1*1,-108.479,7.6749,ca5cd0f87eba4fe7b963941590cf11ca,2.881,1,0.9947,0,13,6,113.8865,0.28,507,47.8,14,113.887,81.45,210.327,3.7,0.5,14.846,35
C:/Users/JC1913/Desktop/JC/Jinhua/M1/2.Spectrum/match_Nova_NoOutlier/wafer01_Lot01_A12-101_2026-8-12-18-19-4_Die45_C-5_R0_20260812182809636.sme,wafer01,Lot01,A12-101,2026-8-12-18-19-4,45,-5,0,45*1*1,-89.1415,7.6749,ca5cd0f87eba4fe7b963941590cf11ca,2.486,1,0.9948,0,9,4,114.7865,0.267,507,50.039,14,114.786,80.676,210.579,3.7,0.5,14.176,35
C:/Users/JC1913/Desktop/JC/Jinhua/M1/2.Spectrum/match_Nova_NoOutlier/wafer01_Lot01_A12-101_2026-8-12-18-19-4_Die46_C-4_R0_20260812182810385.sme,wafer01,Lot01,A12-101,2026-8-12-18-19-4,46,-4,0,46*1*1,-69.8042,7.6749,ca5cd0f87eba4fe7b963941590cf11ca,3.286,1,0.9947,0,19,11,120.9243,0.077,507,45.826,14,120.924,81.084,215.626,3.7,0.5,13.525,35
C:/Users/JC1913/Desktop/JC/Jinhua/M1/2.Spectrum/match_Nova_NoOutlier/wafer01_Lot01_A12-101_2026-8-12-18-19-4_Die47_C-3_R0_20260812182811135.sme,wafer01,Lot01,A12-101,2026-8-12-18-19-4,47,-3,0,47*1*1,-50.4669,7.6749,ca5cd0f87eba4fe7b963941590cf11ca,3.647,1,0.9946,0,21,7,118.4964,0.018,507,47.45,14,118.496,80.807,216.041,3.7,0.5,12.517,35
C:/Users/JC1913/Desktop/JC/Jinhua/M1/2.Spectrum/match_Nova_NoOutlier/wafer01_Lot01_A12-101_2026-8-12-18-19-4_Die48_C-2_R0_20260812182811935.sme,wafer01,Lot01,A12-101,2026-8-12-18-19-4,48,-2,0,48*1*1,-31.1296,7.6749,ca5cd0f87eba4fe7b963941590cf11ca,5.732,1,0.9944,0,36,15,121.455,0.018,507,43.009,14,121.455,80.532,213.551,3.7,0.5,15.108,35
C:/Users/JC1913/Desktop/JC/Jinhua/M1/2.Spectrum/match_Nova_NoOutlier/wafer01_Lot01_A12-101_2026-8-12-18-19-4_Die49_C-1_R0_20260812182812685.sme,wafer01,Lot01,A12-101,2026-8-12-18-19-4,49,-1,0,49*1*1,-11.7923,7.6749,ca5cd0f87eba4fe7b963941590cf11ca,10.107,1,0.9937,0,56,17,125.0765,0.066,507,38.14,14,125.076,81.89,208.95,3.7,0.5,13.218,35
C:/Users/JC1913/Desktop/JC/Jinhua/M1/2.Spectrum/match_Nova_NoOutlier/wafer01_Lot01_A12-101_2026-8-12-18-19-4_Die50_C0_R0_20260812182813685.sme,wafer01,Lot01,A12-101,2026-8-12-18-19-4,50,0,0,50*1*1,7.545,7.6749,ca5cd0f87eba4fe7b963941590cf11ca,9.253,1,0.9938,0,54,98,120.766,0.055,507,40.476,14,120.766,82.056,212.026,3.7,0.5,17.095,35
C:/Users/JC1913/Desktop/JC/Jinhua/M1/2.Spectrum/match_Nova_NoOutlier/wafer01_Lot01_A12-101_2026-8-12-18-19-4_Die51_C1_R0_20260812182814436.sme,wafer01,Lot01,A12-101,2026-8-12-18-19-4,51,1,0,51*1*1,26.8823,7.6749,ca5cd0f87eba4fe7b963941590cf11ca,7.658,1,0.9941,0,46,96,116.5165,0.057,507,44.908,14,116.516,79.199,213.506,3.7,0.5,19.631,35
C:/Users/JC1913/Desktop/JC/Jinhua/M1/2.Spectrum/match_Nova_NoOutlier/wafer01_Lot01_A12-101_2026-8-12-18-19-4_Die52_C2_R0_20260812182815183.sme,wafer01,Lot01,A12-101,2026-8-12-18-19-4,52,2,0,52*1*1,46.2195,7.6749,ca5cd0f87eba4fe7b963941590cf11ca,7.001,1,0.9942,0,44,15,116.6546,0.058,507,45.981,14,116.655,78.496,214.385,3.7,0.5,18.957,35
C:/Users/JC1913/Desktop/JC/Jinhua/M1/2.Spectrum/match_Nova_NoOutlier/wafer01_Lot01_A12-101_2026-8-12-18-19-4_Die53_C3_R0_20260812182815932.sme,wafer01,Lot01,A12-101,2026-8-12-18-19-4,53,3,0,53*1*1,65.5568,7.6749,ca5cd0f87eba4fe7b963941590cf11ca,4.006,1,0.9946,0,15,11,122.365,0.153,507,47.36,14,122.365,77.912,223.116,3.7,0.5,16.239,35
C:/Users/JC1913/Desktop/JC/Jinhua/M1/2.Spectrum/match_Nova_NoOutlier/wafer01_Lot01_A12-101_2026-8-12-18-19-4_Die54_C4_R0_20260812182816685.sme,wafer01,Lot01,A12-101,2026-8-12-18-19-4,54,4,0,54*1*1,84.8941,7.6749,ca5cd0f87eba4fe7b963941590cf11ca,3.812,1,0.9946,0,15,10,128.3235,0.083,507,45.475,14,128.323,80.626,232.766,3.7,0.5,13.195,35
C:/Users/JC1913/Desktop/JC/Jinhua/M1/2.Spectrum/match_Nova_NoOutlier/wafer01_Lot01_A12-101_2026-8-12-18-19-4_Die55_C5_R0_20260812182817436.sme,wafer01,Lot01,A12-101,2026-8-12-18-19-4,55,5,0,55*1*1,104.2314,7.6749,ca5cd0f87eba4fe7b963941590cf11ca,4.753,1,0.9945,0,13,10,109.8834,0.249,507,45.113,14,109.883,80.022,207.854,3.7,0.5,16.119,35
C:/Users/JC1913/Desktop/JC/Jinhua/M1/2.Spectrum/match_Nova_NoOutlier/wafer01_Lot01_A12-101_2026-8-12-18-19-4_Die56_C6_R0_20260812182818131.sme,wafer01,Lot01,A12-101,2026-8-12-18-19-4,56,6,0,56*1*1,123.5687,7.6749,ca5cd0f87eba4fe7b963941590cf11ca,4.09,1,0.9946,0,13,8,112.8373,0.221,507,44.936,14,112.837,79.543,213.337,3.7,0.5,16.857,35
C:/Users/JC1913/Desktop/JC/Jinhua/M1/2.Spectrum/match_Nova_NoOutlier/wafer01_Lot01_A12-101_2026-8-12-18-19-4_Die57_C6_R-1_20260812182818882.sme,wafer01,Lot01,A12-101,2026-8-12-18-19-4,57,6,-1,57*1*1,123.5687,-20.8567,ca5cd0f87eba4fe7b963941590cf11ca,3.56,1,0.9946,0,15,11,117.1722,0.295,507,46.337,14,117.172,80.836,219.248,3.7,0.5,17.462,35
C:/Users/JC1913/Desktop/JC/Jinhua/M1/2.Spectrum/match_Nova_NoOutlier/wafer01_Lot01_A12-101_2026-8-12-18-19-4_Die58_C5_R-1_20260812182819635.sme,wafer01,Lot01,A12-101,2026-8-12-18-19-4,58,5,-1,58*1*1,104.2314,-20.8567,ca5cd0f87eba4fe7b963941590cf11ca,5.24,1,0.9944,0,13,10,109.0056,0.26,507,44.879,14,109.006,80.158,207.66,3.7,0.5,16.749,35
C:/Users/JC1913/Desktop/JC/Jinhua/M1/2.Spectrum/match_Nova_NoOutlier/wafer01_Lot01_A12-101_2026-8-12-18-19-4_Die59_C4_R-1_20260812182820382.sme,wafer01,Lot01,A12-101,2026-8-12-18-19-4,59,4,-1,59*1*1,84.8941,-20.8567,ca5cd0f87eba4fe7b963941590cf11ca,3.371,1,0.9947,0,14,7,122.5151,0.09,507,45.022,14,122.515,81.234,222.994,3.7,0.5,15.151,35
C:/Users/JC1913/Desktop/JC/Jinhua/M1/2.Spectrum/match_Nova_NoOutlier/wafer01_Lot01_A12-101_2026-8-12-18-19-4_Die60_C3_R-1_20260812182821135.sme,wafer01,Lot01,A12-101,2026-8-12-18-19-4,60,3,-1,60*1*1,65.5568,-20.8567,ca5cd0f87eba4fe7b963941590cf11ca,4.297,1,0.9945,0,22,11,120.272,0.083,507,46.617,14,120.272,79.549,217.369,3.7,0.5,17.003,35
C:/Users/JC1913/Desktop/JC/Jinhua/M1/2.Spectrum/match_Nova_NoOutlier/wafer01_Lot01_A12-101_2026-8-12-18-19-4_Die61_C2_R-1_20260812182821882.sme,wafer01,Lot01,A12-101,2026-8-12-18-19-4,61,2,-1,61*1*1,46.2195,-20.8567,ca5cd0f87eba4fe7b963941590cf11ca,4.159,1,0.9946,0,26,8,121.3388,0.083,507,45.955,14,121.339,79.312,219.8,3.7,0.5,16.627,35
C:/Users/JC1913/Desktop/JC/Jinhua/M1/2.Spectrum/match_Nova_NoOutlier/wafer01_Lot01_A12-101_2026-8-12-18-19-4_Die62_C1_R-1_20260812182822633.sme,wafer01,Lot01,A12-101,2026-8-12-18-19-4,62,1,-1,62*1*1,26.8823,-20.8567,ca5cd0f87eba4fe7b963941590cf11ca,6.753,1,0.9942,0,40,34,119.2817,0.056,507,44.307,14,119.282,79.769,217.783,3.7,0.5,19.457,35
C:/Users/JC1913/Desktop/JC/Jinhua/M1/2.Spectrum/match_Nova_NoOutlier/wafer01_Lot01_A12-101_2026-8-12-18-19-4_Die63_C0_R-1_20260812182823381.sme,wafer01,Lot01,A12-101,2026-8-12-18-19-4,63,0,-1,63*1*1,7.545,-20.8567,ca5cd0f87eba4fe7b963941590cf11ca,7.498,1,0.9941,0,31,11,121.5602,0.02,507,41.366,14,121.56,81.305,211.02,3.7,0.5,13.354,35
C:/Users/JC1913/Desktop/JC/Jinhua/M1/2.Spectrum/match_Nova_NoOutlier/wafer01_Lot01_A12-101_2026-8-12-18-19-4_Die64_C-1_R-1_20260812182824334.sme,wafer01,Lot01,A12-101,2026-8-12-18-19-4,64,-1,-1,64*1*1,-11.7923,-20.8567,ca5cd0f87eba4fe7b963941590cf11ca,6.564,1,0.9942,0,49,12,121.6187,0.015,507,43.343,14,121.619,81.497,206.938,3.7,0.5,13.473,35
C:/Users/JC1913/Desktop/JC/Jinhua/M1/2.Spectrum/match_Nova_NoOutlier/wafer01_Lot01_A12-101_2026-8-12-18-19-4_Die65_C-2_R-1_20260812182825083.sme,wafer01,Lot01,A12-101,2026-8-12-18-19-4,65,-2,-1,65*1*1,-31.1296,-20.8567,ca5cd0f87eba4fe7b963941590cf11ca,6.03,1,0.9943,0,38,25,117.7349,0.058,507,44.244,14,117.735,80.3,215.503,3.7,0.5,16.544,35
C:/Users/JC1913/Desktop/JC/Jinhua/M1/2.Spectrum/match_Nova_NoOutlier/wafer01_Lot01_A12-101_2026-8-12-18-19-4_Die66_C-3_R-1_20260812182825834.sme,wafer01,Lot01,A12-101,2026-8-12-18-19-4,66,-3,-1,66*1*1,-50.4669,-20.8567,ca5cd0f87eba4fe7b963941590cf11ca,3.346,1,0.9947,0,33,7,119.9783,0.018,507,45.914,14,119.978,81.054,215.69,3.7,0.5,12.717,35
C:/Users/JC1913/Desktop/JC/Jinhua/M1/2.Spectrum/match_Nova_NoOutlier/wafer01_Lot01_A12-101_2026-8-12-18-19-4_Die67_C-4_R-1_20260812182826533.sme,wafer01,Lot01,A12-101,2026-8-12-18-19-4,67,-4,-1,67*1*1,-69.8042,-20.8567,ca5cd0f87eba4fe7b963941590cf11ca,3.735,1,0.9946,0,17,12,121.6109,0.073,507,47.575,14,121.611,81.066,219.348,3.7,0.5,11.649,35
C:/Users/JC1913/Desktop/JC/Jinhua/M1/2.Spectrum/match_Nova_NoOutlier/wafer01_Lot01_A12-101_2026-8-12-18-19-4_Die68_C-5_R-1_20260812182827283.sme,wafer01,Lot01,A12-101,2026-8-12-18-19-4,68,-5,-1,68*1*1,-89.1415,-20.8567,ca5cd0f87eba4fe7b963941590cf11ca,2.739,1,0.9947,0,14,9,116.0838,0.199,507,47.358,14,116.084,81.208,210.49,3.7,0.5,14.588,35
C:/Users/JC1913/Desktop/JC/Jinhua/M1/2.Spectrum/match_Nova_NoOutlier/wafer01_Lot01_A12-101_2026-8-12-18-19-4_Die69_C-6_R-1_20260812182828029.sme,wafer01,Lot01,A12-101,2026-8-12-18-19-4,69,-6,-1,69*1*1,-108.479,-20.8567,ca5cd0f87eba4fe7b963941590cf11ca,3.677,1,0.9946,0,15,7,112.2523,0.216,507,44.371,14,112.252,81.132,207.068,3.7,0.5,15.195,35
C:/Users/JC1913/Desktop/JC/Jinhua/M1/2.Spectrum/match_Nova_NoOutlier/wafer01_Lot01_A12-101_2026-8-12-18-19-4_Die70_C-7_R-1_20260812182828830.sme,wafer01,Lot01,A12-101,2026-8-12-18-19-4,70,-7,-1,70*1*1,-127.816,-20.8567,ca5cd0f87eba4fe7b963941590cf11ca,3.062,1,0.9947,0,13,5,115.7313,0.327,507,45.939,14,115.731,82.159,213.913,3.7,0.5,15.926,35
C:/Users/JC1913/Desktop/JC/Jinhua/M1/2.Spectrum/match_Nova_NoOutlier/wafer01_Lot01_A12-101_2026-8-12-18-19-4_Die73_C-4_R-2_20260812182831030.sme,wafer01,Lot01,A12-101,2026-8-12-18-19-4,73,-4,-2,73*1*1,-69.8042,-49.3882,ca5cd0f87eba4fe7b963941590cf11ca,3.018,1,0.9947,0,17,10,121.0473,0.079,507,44.368,14,121.047,81.647,215.716,3.7,0.5,14.722,35
C:/Users/JC1913/Desktop/JC/Jinhua/M1/2.Spectrum/match_Nova_NoOutlier/wafer01_Lot01_A12-101_2026-8-12-18-19-4_Die74_C-3_R-2_20260812182832031.sme,wafer01,Lot01,A12-101,2026-8-12-18-19-4,74,-3,-2,74*1*1,-50.4669,-49.3882,ca5cd0f87eba4fe7b963941590cf11ca,3.874,1,0.9946,0,16,15,122.3594,0.08,507,46.955,14,122.359,80.935,219.949,3.7,0.5,12.74,35
C:/Users/JC1913/Desktop/JC/Jinhua/M1/2.Spectrum/match_Nova_NoOutlier/wafer01_Lot01_A12-101_2026-8-12-18-19-4_Die75_C-2_R-2_20260812182832781.sme,wafer01,Lot01,A12-101,2026-8-12-18-19-4,75,-2,-2,75*1*1,-31.1296,-49.3882,ca5cd0f87eba4fe7b963941590cf11ca,3.777,1,0.9946,0,18,11,120.726,0.069,507,49.029,14,120.726,80.93,216.794,3.7,0.5,10.985,35
C:/Users/JC1913/Desktop/JC/Jinhua/M1/2.Spectrum/match_Nova_NoOutlier/wafer01_Lot01_A12-101_2026-8-12-18-19-4_Die76_C-1_R-2_20260812182833529.sme,wafer01,Lot01,A12-101,2026-8-12-18-19-4,76,-1,-2,76*1*1,-11.7923,-49.3882,ca5cd0f87eba4fe7b963941590cf11ca,3.746,1,0.9946,0,17,14,119.3568,0.075,507,46.878,14,119.357,80.676,214.462,3.7,0.5,13.873,35
C:/Users/JC1913/Desktop/JC/Jinhua/M1/2.Spectrum/match_Nova_NoOutlier/wafer01_Lot01_A12-101_2026-8-12-18-19-4_Die77_C0_R-2_20260812182834282.sme,wafer01,Lot01,A12-101,2026-8-12-18-19-4,77,0,-2,77*1*1,7.545,-49.3882,ca5cd0f87eba4fe7b963941590cf11ca,3.151,1,0.9947,0,15,11,116.1028,0.201,507,47.939,14,116.103,80.181,213.811,3.7,0.5,14.727,35
C:/Users/JC1913/Desktop/JC/Jinhua/M1/2.Spectrum/match_Nova_NoOutlier/wafer01_Lot01_A12-101_2026-8-12-18-19-4_Die78_C1_R-2_20260812182835028.sme,wafer01,Lot01,A12-101,2026-8-12-18-19-4,78,1,-2,78*1*1,26.8823,-49.3882,ca5cd0f87eba4fe7b963941590cf11ca,3.548,1,0.9946,0,15,16,120.8327,0.074,507,47.77,14,120.833,80.827,218.922,3.7,0.5,11.991,35
C:/Users/JC1913/Desktop/JC/Jinhua/M1/2.Spectrum/match_Nova_NoOutlier/wafer01_Lot01_A12-101_2026-8-12-18-19-4_Die79_C2_R-2_20260812182835779.sme,wafer01,Lot01,A12-101,2026-8-12-18-19-4,79,2,-2,79*1*1,46.2195,-49.3882,ca5cd0f87eba4fe7b963941590cf11ca,3.739,1,0.9946,0,14,11,120.3214,0.206,507,48.47,14,120.321,80.184,218.862,3.7,0.5,16.583,35
C:/Users/JC1913/Desktop/JC/Jinhua/M1/2.Spectrum/match_Nova_NoOutlier/wafer01_Lot01_A12-101_2026-8-12-18-19-4_Die80_C3_R-2_20260812182836532.sme,wafer01,Lot01,A12-101,2026-8-12-18-19-4,80,3,-2,80*1*1,65.5568,-49.3882,ca5cd0f87eba4fe7b963941590cf11ca,4.084,1,0.9946,0,13,12,125.1769,0.088,507,43.869,14,125.177,81.234,226.79,3.7,0.5,15.025,35
C:/Users/JC1913/Desktop/JC/Jinhua/M1/2.Spectrum/match_Nova_NoOutlier/wafer01_Lot01_A12-101_2026-8-12-18-19-4_Die81_C4_R-2_20260812182837281.sme,wafer01,Lot01,A12-101,2026-8-12-18-19-4,81,4,-2,81*1*1,84.8941,-49.3882,ca5cd0f87eba4fe7b963941590cf11ca,7.017,1,0.9942,0,17,12,108.0765,0.174,507,43.217,14,108.076,80.139,204.948,3.7,0.5,17.699,35
C:/Users/JC1913/Desktop/JC/Jinhua/M1/2.Spectrum/match_Nova_NoOutlier/wafer01_Lot01_A12-101_2026-8-12-18-19-4_Die82_C5_R-2_20260812182838028.sme,wafer01,Lot01,A12-101,2026-8-12-18-19-4,82,5,-2,82*1*1,104.2314,-49.3882,ca5cd0f87eba4fe7b963941590cf11ca,4.318,1,0.9945,0,15,10,113.0797,0.198,507,43.483,14,113.08,81.003,212.63,3.7,0.5,17.268,35
C:/Users/JC1913/Desktop/JC/Jinhua/M1/2.Spectrum/match_Nova_NoOutlier/wafer01_Lot01_A12-101_2026-8-12-18-19-4_Die83_C6_R-2_20260812182838829.sme,wafer01,Lot01,A12-101,2026-8-12-18-19-4,83,6,-2,83*1*1,123.5687,-49.3882,ca5cd0f87eba4fe7b963941590cf11ca,6.066,1,0.9943,0,35,20,109.1435,0.065,507,36.749,14,109.143,82.776,207.441,3.7,0.5,16.758,35
C:/Users/JC1913/Desktop/JC/Jinhua/M1/2.Spectrum/match_Nova_NoOutlier/wafer01_Lot01_A12-101_2026-8-12-18-19-4_Die84_C4_R-3_20260812182839578.sme,wafer01,Lot01,A12-101,2026-8-12-18-19-4,84,4,-3,84*1*1,84.8941,-77.9197,ca5cd0f87eba4fe7b963941590cf11ca,3.491,1,0.9946,0,14,7,118.418,0.312,507,45.983,14,118.418,81.779,222.291,3.7,0.5,17.99,35
C:/Users/JC1913/Desktop/JC/Jinhua/M1/2.Spectrum/match_Nova_NoOutlier/wafer01_Lot01_A12-101_2026-8-12-18-19-4_Die85_C3_R-3_20260812182840328.sme,wafer01,Lot01,A12-101,2026-8-12-18-19-4,85,3,-3,85*1*1,65.5568,-77.9197,ca5cd0f87eba4fe7b963941590cf11ca,5.765,1,0.9944,0,24,11,107.3539,0.228,507,45.066,14,107.354,80.744,206.27,3.7,0.5,17.844,35
C:/Users/JC1913/Desktop/JC/Jinhua/M1/2.Spectrum/match_Nova_NoOutlier/wafer01_Lot01_A12-101_2026-8-12-18-19-4_Die86_C2_R-3_20260812182841077.sme,wafer01,Lot01,A12-101,2026-8-12-18-19-4,86,2,-3,86*1*1,46.2195,-77.9197,ca5cd0f87eba4fe7b963941590cf11ca,2.432,1,0.9948,0,13,7,115.1931,0.295,507,49.41,14,115.193,80.898,213.513,3.7,0.5,15.608,35
C:/Users/JC1913/Desktop/JC/Jinhua/M1/2.Spectrum/match_Nova_NoOutlier/wafer01_Lot01_A12-101_2026-8-12-18-19-4_Die87_C1_R-3_20260812182841827.sme,wafer01,Lot01,A12-101,2026-8-12-18-19-4,87,1,-3,87*1*1,26.8823,-77.9197,ca5cd0f87eba4fe7b963941590cf11ca,2.933,1,0.9947,0,13,6,116.1019,0.256,507,51.949,14,116.102,80.561,215.304,3.7,0.5,13.987,35
C:/Users/JC1913/Desktop/JC/Jinhua/M1/2.Spectrum/match_Nova_NoOutlier/wafer01_Lot01_A12-101_2026-8-12-18-19-4_Die88_C0_R-3_20260812182842581.sme,wafer01,Lot01,A12-101,2026-8-12-18-19-4,88,0,-3,88*1*1,7.545,-77.9197,ca5cd0f87eba4fe7b963941590cf11ca,3.14,1,0.9947,0,13,9,117.0154,0.254,507,51.398,14,117.015,80.818,218.303,3.7,0.5,13.557,35
C:/Users/JC1913/Desktop/JC/Jinhua/M1/2.Spectrum/match_Nova_NoOutlier/wafer01_Lot01_A12-101_2026-8-12-18-19-4_Die89_C-1_R-3_20260812182843376.sme,wafer01,Lot01,A12-101,2026-8-12-18-19-4,89,-1,-3,89*1*1,-11.7923,-77.9197,ca5cd0f87eba4fe7b963941590cf11ca,3.567,1,0.9946,0,13,5,120.4195,0.195,507,49.281,14,120.42,81.149,222.197,3.7,0.5,12.508,35
C:/Users/JC1913/Desktop/JC/Jinhua/M1/2.Spectrum/match_Nova_NoOutlier/wafer01_Lot01_A12-101_2026-8-12-18-19-4_Die90_C-2_R-3_20260812182844179.sme,wafer01,Lot01,A12-101,2026-8-12-18-19-4,90,-2,-3,90*1*1,-31.1296,-77.9197,ca5cd0f87eba4fe7b963941590cf11ca,3.66,1,0.9946,0,15,8,121.3539,0.081,507,47.853,14,121.354,81.787,222.991,3.7,0.5,10.083,35
C:/Users/JC1913/Desktop/JC/Jinhua/M1/2.Spectrum/match_Nova_NoOutlier/wafer01_Lot01_A12-101_2026-8-12-18-19-4_Die91_C-3_R-3_20260812182844930.sme,wafer01,Lot01,A12-101,2026-8-12-18-19-4,91,-3,-3,91*1*1,-50.4669,-77.9197,ca5cd0f87eba4fe7b963941590cf11ca,3.733,1,0.9946,0,14,7,106.2597,0.434,507,48.574,14,106.26,79.107,202.863,3.7,0.5,15.187,35
C:/Users/JC1913/Desktop/JC/Jinhua/M1/2.Spectrum/match_Nova_NoOutlier/wafer01_Lot01_A12-101_2026-8-12-18-19-4_Die93_C-5_R-3_20260812182847326.sme,wafer01,Lot01,A12-101,2026-8-12-18-19-4,93,-5,-3,93*1*1,-89.1415,-77.9197,ca5cd0f87eba4fe7b963941590cf11ca,3.555,1,0.9946,0,11,5,116.9903,0.244,507,45.466,14,116.99,80.585,216.425,3.7,0.5,17.114,35
C:/Users/JC1913/Desktop/JC/Jinhua/M1/2.Spectrum/match_Nova_NoOutlier/wafer01_Lot01_A12-101_2026-8-12-18-19-4_Die94_C-3_R-4_20260812182848127.sme,wafer01,Lot01,A12-101,2026-8-12-18-19-4,94,-3,-4,94*1*1,-50.4669,-106.451,ca5cd0f87eba4fe7b963941590cf11ca,2.952,1,0.9947,0,13,4,115.299,0.531,507,50.111,14,115.299,79.489,211.407,3.7,0.5,16.505,35
C:/Users/JC1913/Desktop/JC/Jinhua/M1/2.Spectrum/match_Nova_NoOutlier/wafer01_Lot01_A12-101_2026-8-12-18-19-4_Die95_C-2_R-4_20260812182848879.sme,wafer01,Lot01,A12-101,2026-8-12-18-19-4,95,-2,-4,95*1*1,-31.1296,-106.451,ca5cd0f87eba4fe7b963941590cf11ca,3.997,1,0.9946,0,14,8,108.3341,0.47,507,45.557,14,108.334,79.59,203.292,3.7,0.5,16.484,35
C:/Users/JC1913/Desktop/JC/Jinhua/M1/2.Spectrum/match_Nova_NoOutlier/wafer01_Lot01_A12-101_2026-8-12-18-19-4_Die96_C-1_R-4_20260812182849625.sme,wafer01,Lot01,A12-101,2026-8-12-18-19-4,96,-1,-4,96*1*1,-11.7923,-106.451,ca5cd0f87eba4fe7b963941590cf11ca,3.718,1,0.9946,0,15,10,108.0564,0.635,507,46.704,14,108.056,78.514,202.383,3.7,0.5,15.336,35
C:/Users/JC1913/Desktop/JC/Jinhua/M1/2.Spectrum/match_Nova_NoOutlier/wafer01_Lot01_A12-101_2026-8-12-18-19-4_Die97_C0_R-4_20260812182850378.sme,wafer01,Lot01,A12-101,2026-8-12-18-19-4,97,0,-4,97*1*1,7.545,-106.451,ca5cd0f87eba4fe7b963941590cf11ca,3.037,1,0.9947,0,13,5,110.1231,0.406,507,46.144,14,110.123,80.409,206.172,3.7,0.5,15.534,35
C:/Users/JC1913/Desktop/JC/Jinhua/M1/2.Spectrum/match_Nova_NoOutlier/wafer01_Lot01_A12-101_2026-8-12-18-19-4_Die98_C1_R-4_20260812182851125.sme,wafer01,Lot01,A12-101,2026-8-12-18-19-4,98,1,-4,98*1*1,26.8823,-106.451,ca5cd0f87eba4fe7b963941590cf11ca,2.707,1,0.9947,0,12,6,111.3889,0.439,507,48.253,14,111.389,80.401,209.176,3.7,0.5,16.137,35
C:/Users/JC1913/Desktop/JC/Jinhua/M1/2.Spectrum/match_Nova_NoOutlier/wafer01_Lot01_A12-101_2026-8-12-18-19-4_Die99_C2_R-4_20260812182851879.sme,wafer01,Lot01,A12-101,2026-8-12-18-19-4,99,2,-4,99*1*1,46.2195,-106.451,ca5cd0f87eba4fe7b963941590cf11ca,3.222,1,0.9947,0,12,5,118.0473,0.316,507,45.89,14,118.047,81.17,219.536,3.7,0.5,17.962,35
C:/Users/JC1913/Desktop/JC/Jinhua/M1/2.Spectrum/match_Nova_NoOutlier/wafer01_Lot01_A12-101_2026-8-12-18-19-4_Die100_C3_R-4_20260812182851914.sme,wafer01,Lot01,A12-101,2026-8-12-18-19-4,100,3,-4,100*1*1,65.5568,-106.451,ca5cd0f87eba4fe7b963941590cf11ca,3.512,1,0.9946,0,14,11,118.541,0.316,507,45.182,14,118.541,81.157,223.549,3.7,0.5,19.227,35
